cluster_label,trait,mean_zscore,rank_desc,direction,cluster_size
combative_iconoclast,confrontational,2.464841325944312,1,top,8
combative_iconoclast,blunt,2.3677042686607,2,top,8
combative_iconoclast,urgent,2.1792846351056405,3,top,8
combative_iconoclast,callous,2.0720815265561425,4,top,8
combative_iconoclast,savage,2.0289914753695864,5,top,8
combative_iconoclast,hostile,2.0163640947287353,6,top,8
combative_iconoclast,competitive,1.9663636701410574,7,top,8
combative_iconoclast,judgmental,1.925524099466769,8,top,8
combative_iconoclast,dominant,1.9234894954564308,9,top,8
combative_iconoclast,radical,1.9141699505729795,10,top,8
combative_iconoclast,iconoclastic,1.882097836552272,11,middle,8
combative_iconoclast,challenging,1.872281421660591,12,middle,8
combative_iconoclast,cruel,1.8696020729407439,13,middle,8
combative_iconoclast,critical,1.8578079720399976,14,middle,8
combative_iconoclast,cynical,1.8442348136489053,15,middle,8
combative_iconoclast,militant,1.836476107435617,16,middle,8
combative_iconoclast,assertive,1.791182553264217,17,middle,8
combative_iconoclast,anthropocentric,1.779011545661115,18,middle,8
combative_iconoclast,rebellious,1.7594207052891542,19,middle,8
combative_iconoclast,sassy,1.7587896630324895,20,middle,8
combative_iconoclast,progressive,1.7559595996977277,21,middle,8
combative_iconoclast,acerbic,1.74282347649141,22,middle,8
combative_iconoclast,pessimistic,1.6782859215115637,23,middle,8
combative_iconoclast,edgy,1.5627536153607622,24,middle,8
combative_iconoclast,bitter,1.5521503923937854,25,middle,8
combative_iconoclast,impatient,1.5396718763396122,26,middle,8
combative_iconoclast,contrarian,1.5261731666307636,27,middle,8
combative_iconoclast,innovative,1.5141614503029757,28,middle,8
combative_iconoclast,sarcastic,1.4816834798094711,29,middle,8
combative_iconoclast,evil,1.4744200948994575,30,middle,8
combative_iconoclast,provocative,1.451469622811814,31,middle,8
combative_iconoclast,sardonic,1.3934344415943059,32,middle,8
combative_iconoclast,wry,1.3925865399546473,33,middle,8
combative_iconoclast,paranoid,1.3913652438790192,34,middle,8
combative_iconoclast,misanthropic,1.3778258483745387,35,middle,8
combative_iconoclast,deconstructionist,1.3448161849172517,36,middle,8
combative_iconoclast,individualistic,1.2794401874729457,37,middle,8
combative_iconoclast,irreverent,1.2680478522177268,38,middle,8
combative_iconoclast,decisive,1.2555340752839363,39,middle,8
combative_iconoclast,arrogant,1.1951505579039816,40,middle,8
combative_iconoclast,ironic,1.1881650749046995,41,middle,8
combative_iconoclast,manipulative,1.1714487145564154,42,middle,8
combative_iconoclast,risk_taking,1.1579388671742976,43,middle,8
combative_iconoclast,petty,1.147671413191633,44,middle,8
combative_iconoclast,flippant,1.1310735723971745,45,middle,8
combative_iconoclast,dogmatic,1.1122839738907253,46,middle,8
combative_iconoclast,temperamental,1.0837774457449634,47,middle,8
combative_iconoclast,confident,1.0659327160171033,48,middle,8
combative_iconoclast,nonchalant,1.0595775557435987,49,middle,8
combative_iconoclast,manic,1.0473879327005031,50,middle,8
combative_iconoclast,passive_aggressive,1.042912111789115,51,middle,8
combative_iconoclast,subversive,1.0428752161264645,52,middle,8
combative_iconoclast,visceral,1.0373129853007224,53,middle,8
combative_iconoclast,adventurous,1.011515183852164,54,middle,8
combative_iconoclast,impulsive,1.003273379460034,55,middle,8
combative_iconoclast,neurotic,0.9899105644389217,56,middle,8
combative_iconoclast,anxious,0.9825719637398616,57,middle,8
combative_iconoclast,closure_seeking,0.9755056589399362,58,middle,8
combative_iconoclast,mercurial,0.9549325727529061,59,middle,8
combative_iconoclast,skeptical,0.934620162415704,60,middle,8
combative_iconoclast,hedonistic,0.933866504214214,61,middle,8
combative_iconoclast,extroverted,0.9317678911010405,62,middle,8
combative_iconoclast,nihilistic,0.9220454634122157,63,middle,8
combative_iconoclast,futuristic,0.8962553844347217,64,middle,8
combative_iconoclast,passionate,0.8802200856113193,65,middle,8
combative_iconoclast,witty,0.8662215766406026,66,middle,8
combative_iconoclast,libertarian,0.8386292720515794,67,middle,8
combative_iconoclast,mischievous,0.8373441767770144,68,middle,8
combative_iconoclast,existentialist,0.8309151053014753,69,middle,8
combative_iconoclast,efficient,0.8258464221528278,70,middle,8
combative_iconoclast,goofy,0.8214952203965233,71,middle,8
combative_iconoclast,prescriptive,0.8103918837531912,72,middle,8
combative_iconoclast,condescending,0.8051076850019134,73,middle,8
combative_iconoclast,relativist,0.8047970926162613,74,middle,8
combative_iconoclast,elitist,0.7977920066992266,75,middle,8
combative_iconoclast,effusive,0.777377195530218,76,middle,8
combative_iconoclast,chaotic,0.7764557330082532,77,middle,8
combative_iconoclast,zealous,0.7585091199514998,78,middle,8
combative_iconoclast,entertaining,0.7455292905724016,79,middle,8
combative_iconoclast,universalist,0.7441143819685927,80,middle,8
combative_iconoclast,casual,0.7275547728559659,81,middle,8
combative_iconoclast,reactive,0.7194606538948358,82,middle,8
combative_iconoclast,animated,0.6733093640453736,83,middle,8
combative_iconoclast,obsessive,0.6676746239813256,84,middle,8
combative_iconoclast,spontaneous,0.6121316855106324,85,middle,8
combative_iconoclast,disorganized,0.5961585722368141,86,middle,8
combative_iconoclast,interdisciplinary,0.5934757950400432,87,middle,8
combative_iconoclast,charismatic,0.5868005578024236,88,middle,8
combative_iconoclast,experiential,0.5681515387941866,89,middle,8
combative_iconoclast,secular,0.5412640008258073,90,middle,8
combative_iconoclast,improvisational,0.5252854253670589,91,middle,8
combative_iconoclast,melancholic,0.5226504649377387,92,middle,8
combative_iconoclast,playful,0.5204580662183473,93,middle,8
combative_iconoclast,materialist,0.5155012774043404,94,middle,8
combative_iconoclast,flirty,0.5089198788764409,95,middle,8
combative_iconoclast,absolutist,0.4807886059234844,96,middle,8
combative_iconoclast,stream_of_consciousness,0.47738082402159493,97,middle,8
combative_iconoclast,sycophantic,0.47713631899233266,98,middle,8
combative_iconoclast,deterministic,0.46976810708090405,99,middle,8
combative_iconoclast,concise,0.4503858539620237,100,middle,8
combative_iconoclast,speculative,0.4488723681095085,101,middle,8
combative_iconoclast,gregarious,0.4477191142611718,102,middle,8
combative_iconoclast,melodramatic,0.439451270193377,103,middle,8
combative_iconoclast,reductionist,0.439136903021702,104,middle,8
combative_iconoclast,utilitarian,0.437480923906759,105,middle,8
combative_iconoclast,contemporary,0.42768610918410477,106,middle,8
combative_iconoclast,creative,0.41919373797645076,107,middle,8
combative_iconoclast,theatrical,0.3808717775854738,108,middle,8
combative_iconoclast,accommodating,0.3719245188725451,109,middle,8
combative_iconoclast,practical,0.36278159251429287,110,middle,8
combative_iconoclast,dramatic,0.35620962494613473,111,middle,8
combative_iconoclast,paradoxical,0.3437153518940041,112,middle,8
combative_iconoclast,bombastic,0.3298837911879166,113,middle,8
combative_iconoclast,historical,0.32596666649735684,114,middle,8
combative_iconoclast,grandiose,0.318864690600074,115,middle,8
combative_iconoclast,convergent,0.2995804133253152,116,middle,8
combative_iconoclast,whimsical,0.2723999908327466,117,middle,8
combative_iconoclast,rhetorical,0.2604396815720541,118,middle,8
combative_iconoclast,emotional,0.23082770064519473,119,middle,8
combative_iconoclast,problem_solving,0.21695112018938173,120,middle,8
combative_iconoclast,constructivist,0.21667912048455287,121,middle,8
combative_iconoclast,verbose,0.21402530829840494,122,middle,8
combative_iconoclast,narrative,0.2019764786109014,123,middle,8
combative_iconoclast,generalist,0.19365827632122842,124,middle,8
combative_iconoclast,quantitative,0.17294985429050888,125,middle,8
combative_iconoclast,esoteric,0.09751062748302414,126,middle,8
combative_iconoclast,inquisitive,0.09081894942710675,127,middle,8
combative_iconoclast,philosophical,0.07514216631637977,128,middle,8
combative_iconoclast,socratic,0.06156965451387665,129,middle,8
combative_iconoclast,divergent,0.05712019284218803,130,middle,8
combative_iconoclast,specialized,0.05085482745629681,131,middle,8
combative_iconoclast,grounded,0.04890634161707307,132,middle,8
combative_iconoclast,qualitative,0.045344271915614145,133,middle,8
combative_iconoclast,eclectic,0.04361588571091654,134,middle,8
combative_iconoclast,egalitarian,0.024521548236184867,135,middle,8
combative_iconoclast,fundamentalist,0.023060909177443283,136,middle,8
combative_iconoclast,submissive,0.01800323274220253,137,middle,8
combative_iconoclast,metaphorical,0.009361748199019446,138,middle,8
combative_iconoclast,rationalist,-0.012864131427360651,139,middle,8
combative_iconoclast,transparent,-0.01814717369486122,140,middle,8
combative_iconoclast,intuitive,-0.02568088784866413,141,middle,8
combative_iconoclast,enigmatic,-0.03975155756439054,142,middle,8
combative_iconoclast,literal,-0.050981957548971626,143,middle,8
combative_iconoclast,accessible,-0.07079067396100258,144,middle,8
combative_iconoclast,pedantic,-0.07978006823259412,145,middle,8
combative_iconoclast,data_driven,-0.08243197031842037,146,middle,8
combative_iconoclast,detached,-0.08700064099713542,147,middle,8
combative_iconoclast,artistic,-0.08948835909313316,148,middle,8
combative_iconoclast,theoretical,-0.10432143461765696,149,middle,8
combative_iconoclast,cryptic,-0.10595242338295956,150,middle,8
combative_iconoclast,avoidant,-0.10786668543795308,151,middle,8
combative_iconoclast,romantic,-0.13405249478089915,152,middle,8
combative_iconoclast,analytical,-0.14600112816933813,153,middle,8
combative_iconoclast,essentialist,-0.15913355531483842,154,middle,8
combative_iconoclast,fatalistic,-0.1646352784444701,155,middle,8
combative_iconoclast,technical,-0.17062779076720005,156,middle,8
combative_iconoclast,poetic,-0.17802807924031988,157,middle,8
combative_iconoclast,proactive,-0.1833398291042121,158,middle,8
combative_iconoclast,erudite,-0.22056333352003976,159,middle,8
combative_iconoclast,epicurean,-0.2388703142501345,160,middle,8
combative_iconoclast,structuralist,-0.2785498529986213,161,middle,8
combative_iconoclast,independent,-0.28717620896158186,162,middle,8
combative_iconoclast,nostalgic,-0.2895004317387453,163,middle,8
combative_iconoclast,abstract,-0.29257864540539036,164,middle,8
combative_iconoclast,ethereal,-0.30478926313399884,165,middle,8
combative_iconoclast,conceptual,-0.3120563578818717,166,middle,8
combative_iconoclast,mystical,-0.32388854309750764,167,middle,8
combative_iconoclast,empathetic,-0.32683585998205267,168,middle,8
combative_iconoclast,pacifist,-0.34198373529368564,169,middle,8
combative_iconoclast,eloquent,-0.3747565381566152,170,middle,8
combative_iconoclast,vindictive,-0.39779596863867395,171,middle,8
combative_iconoclast,spiritual,-0.41010422274308334,172,middle,8
combative_iconoclast,introspective,-0.4273635434794615,173,middle,8
combative_iconoclast,systems_thinker,-0.4666738425241608,174,middle,8
combative_iconoclast,dispassionate,-0.4671156855406873,175,middle,8
combative_iconoclast,adaptable,-0.508021514226539,176,middle,8
combative_iconoclast,big_picture,-0.5193022406508631,177,middle,8
combative_iconoclast,humble,-0.5309489033618896,178,middle,8
combative_iconoclast,methodical,-0.5558705707258823,179,middle,8
combative_iconoclast,perfectionist,-0.5799464355366277,180,middle,8
combative_iconoclast,cosmopolitan,-0.5850157138861399,181,middle,8
combative_iconoclast,deontological,-0.6156712415346384,182,middle,8
combative_iconoclast,formalist,-0.6406984605287821,183,middle,8
combative_iconoclast,idealistic,-0.6426032072145231,184,middle,8
combative_iconoclast,stoic,-0.6461760261504852,185,middle,8
combative_iconoclast,educational,-0.6558926255010029,186,middle,8
combative_iconoclast,meticulous,-0.6661923095588554,187,middle,8
combative_iconoclast,holistic,-0.6914878675785516,188,middle,8
combative_iconoclast,naive,-0.7244686488372221,189,middle,8
combative_iconoclast,reserved,-0.7291215663768449,190,middle,8
combative_iconoclast,factual,-0.7538551161438778,191,middle,8
combative_iconoclast,open_ended,-0.7822555345135679,192,middle,8
combative_iconoclast,formal,-0.7825188331077088,193,middle,8
combative_iconoclast,pensive,-0.7908058607124072,194,middle,8
combative_iconoclast,calculating,-0.7955665390467745,195,middle,8
combative_iconoclast,introverted,-0.8140881765724837,196,middle,8
combative_iconoclast,strategic,-0.8274484310349588,197,middle,8
combative_iconoclast,conscientious,-0.8374067469107,198,middle,8
combative_iconoclast,exploratory,-0.8450543583900351,199,middle,8
combative_iconoclast,serious,-0.8455319002138495,200,middle,8
combative_iconoclast,ascetic,-0.9440084705756131,201,middle,8
combative_iconoclast,ritualistic,-1.0100745428308355,202,middle,8
combative_iconoclast,solemn,-1.0171295584675586,203,middle,8
combative_iconoclast,resilient,-1.0290525140150382,204,middle,8
combative_iconoclast,principled,-1.0315967229658054,205,middle,8
combative_iconoclast,generous,-1.0546869084355888,206,middle,8
combative_iconoclast,flexible,-1.0936593277749795,207,middle,8
combative_iconoclast,cautious,-1.094401162221812,208,middle,8
combative_iconoclast,forgiving,-1.1059935707976283,209,middle,8
combative_iconoclast,curious,-1.1075515222263403,210,middle,8
combative_iconoclast,regulatory,-1.2418799663323226,211,middle,8
combative_iconoclast,understated,-1.2536789485718065,212,middle,8
combative_iconoclast,descriptive,-1.306636283616027,213,middle,8
combative_iconoclast,earnest,-1.3395133581224057,214,middle,8
combative_iconoclast,environmental,-1.3749270219461098,215,middle,8
combative_iconoclast,collaborative,-1.4078273839974238,216,middle,8
combative_iconoclast,patient,-1.4195158633465101,217,middle,8
combative_iconoclast,humanistic,-1.430651903055984,218,middle,8
combative_iconoclast,meditative,-1.4434425237049004,219,middle,8
combative_iconoclast,calm,-1.5119358307285125,220,middle,8
combative_iconoclast,reverent,-1.521690294155059,221,middle,8
combative_iconoclast,pluralist,-1.5343358872554513,222,middle,8
combative_iconoclast,inclusive,-1.5411554487401709,223,middle,8
combative_iconoclast,supportive,-1.6934542594313318,224,middle,8
combative_iconoclast,optimistic,-1.70733699032307,225,middle,8
combative_iconoclast,moderate,-1.7107580776789617,226,middle,8
combative_iconoclast,chill,-1.8495263432850588,227,middle,8
combative_iconoclast,conciliatory,-1.874417032856146,228,middle,8
combative_iconoclast,serene,-1.8860290462001872,229,middle,8
combative_iconoclast,inspirational,-1.9233618965346422,230,middle,8
combative_iconoclast,diplomatic,-2.007754691049848,231,bottom,8
combative_iconoclast,benevolent,-2.0584579561483074,232,bottom,8
combative_iconoclast,altruistic,-2.0740781031277242,233,bottom,8
combative_iconoclast,deferential,-2.0826146948522184,234,bottom,8
combative_iconoclast,nurturing,-2.123068377246683,235,bottom,8
combative_iconoclast,agreeable,-2.1532676959303023,236,bottom,8
combative_iconoclast,traditional,-2.163488147985169,237,bottom,8
combative_iconoclast,collectivistic,-2.215130894506454,238,bottom,8
combative_iconoclast,tactful,-2.2546439417375854,239,bottom,8
combative_iconoclast,circumspect,-2.3312880116263615,240,bottom,8
editorial,literal,2.045894777985951,1,top,5
editorial,convergent,1.8379688304144495,2,top,5
editorial,regulatory,1.7399694751463932,3,top,5
editorial,cautious,1.6430953806149255,4,top,5
editorial,descriptive,1.6378120534875957,5,top,5
editorial,rationalist,1.6058158758863033,6,top,5
editorial,data_driven,1.5925963906414844,7,top,5
editorial,quantitative,1.589333283629466,8,top,5
editorial,deferential,1.5861484574174853,9,top,5
editorial,factual,1.5709007952072684,10,top,5
editorial,reserved,1.5523227245125883,11,middle,5
editorial,dispassionate,1.544295304914079,12,middle,5
editorial,materialist,1.4908130279463754,13,middle,5
editorial,detached,1.4745311297556463,14,middle,5
editorial,concise,1.4601442942869094,15,middle,5
editorial,methodical,1.4561584382434172,16,middle,5
editorial,analytical,1.3717267838001501,17,middle,5
editorial,vindictive,1.3447186049005109,18,middle,5
editorial,transparent,1.3444630550196166,19,middle,5
editorial,reductionist,1.3111297657718057,20,middle,5
editorial,formalist,1.3109229847045176,21,middle,5
editorial,grounded,1.2950438773509183,22,middle,5
editorial,problem_solving,1.294122598852272,23,middle,5
editorial,understated,1.2880405642930532,24,middle,5
editorial,structuralist,1.2671031027023854,25,middle,5
editorial,moderate,1.2611295535324434,26,middle,5
editorial,stoic,1.2247158348269882,27,middle,5
editorial,prescriptive,1.2194502519429808,28,middle,5
editorial,calm,1.2015205953755246,29,middle,5
editorial,secular,1.2008808517025167,30,middle,5
editorial,resilient,1.153167980635895,31,middle,5
editorial,efficient,1.1307145378049368,32,middle,5
editorial,closure_seeking,1.1155275386901162,33,middle,5
editorial,traditional,1.1109374168366641,34,middle,5
editorial,conciliatory,1.0861681012175812,35,middle,5
editorial,utilitarian,1.0686273036766647,36,middle,5
editorial,serious,1.0503248619617789,37,middle,5
editorial,diplomatic,1.0495876388014336,38,middle,5
editorial,pluralist,1.0468555651900329,39,middle,5
editorial,conscientious,1.0437566533206404,40,middle,5
editorial,calculating,1.0016235499968664,41,middle,5
editorial,meticulous,0.9794911256031444,42,middle,5
editorial,formal,0.9637963365528778,43,middle,5
editorial,patient,0.9598224806008002,44,middle,5
editorial,educational,0.9359677831839652,45,middle,5
editorial,humble,0.9269837813084006,46,middle,5
editorial,skeptical,0.8905849758850239,47,middle,5
editorial,contemporary,0.8532160055836779,48,middle,5
editorial,flexible,0.8504867798079412,49,middle,5
editorial,cosmopolitan,0.849507042731914,50,middle,5
editorial,technical,0.8444605375091776,51,middle,5
editorial,collaborative,0.8242197151465502,52,middle,5
editorial,perfectionist,0.8217438494682072,53,middle,5
editorial,agreeable,0.7779756786539844,54,middle,5
editorial,strategic,0.7329305293466849,55,middle,5
editorial,solemn,0.7177252362301986,56,middle,5
editorial,tactful,0.701907655248489,57,middle,5
editorial,pedantic,0.6914204174483516,58,middle,5
editorial,earnest,0.6875709101411822,59,middle,5
editorial,benevolent,0.6760939753145367,60,middle,5
editorial,supportive,0.6225379016109748,61,middle,5
editorial,optimistic,0.5069902472779031,62,middle,5
editorial,decisive,0.4735269691096919,63,middle,5
editorial,inclusive,0.4641522021371826,64,middle,5
editorial,anthropocentric,0.45819227942406976,65,middle,5
editorial,inspirational,0.38264124136074823,66,middle,5
editorial,specialized,0.38079722204900124,67,middle,5
editorial,introverted,0.36878652233156134,68,middle,5
editorial,circumspect,0.33201664037505024,69,middle,5
editorial,independent,0.3092765404296528,70,middle,5
editorial,avoidant,0.30639912029578376,71,middle,5
editorial,practical,0.2897076238006433,72,middle,5
editorial,chill,0.25848489173680506,73,middle,5
editorial,altruistic,0.2505181129229518,74,middle,5
editorial,principled,0.2191362530895251,75,middle,5
editorial,inquisitive,0.19107791700888782,76,middle,5
editorial,ritualistic,0.1658177878239151,77,middle,5
editorial,collectivistic,0.14212292573748525,78,middle,5
editorial,serene,0.12014490750143361,79,middle,5
editorial,adaptable,0.10645864933094273,80,middle,5
editorial,nurturing,0.10239503410398867,81,middle,5
editorial,reverent,0.06455908747157749,82,middle,5
editorial,erudite,0.02127889562017924,83,middle,5
editorial,egalitarian,0.020303125935126586,84,middle,5
editorial,accessible,0.011964820624087191,85,middle,5
editorial,blunt,-0.06062302745756576,86,middle,5
editorial,ascetic,-0.06645686235042672,87,middle,5
editorial,deontological,-0.08866738276933686,88,middle,5
editorial,proactive,-0.2441264391664726,89,middle,5
editorial,essentialist,-0.3210551622788139,90,middle,5
editorial,confrontational,-0.37079639340089815,91,middle,5
editorial,pensive,-0.3708332900177109,92,middle,5
editorial,meditative,-0.37350538979324244,93,middle,5
editorial,introspective,-0.40520541376183594,94,middle,5
editorial,fundamentalist,-0.41794950537897735,95,middle,5
editorial,exploratory,-0.43405222981723596,96,middle,5
editorial,callous,-0.43579843228380905,97,middle,5
editorial,urgent,-0.45692820593601324,98,middle,5
editorial,dominant,-0.46683860980538094,99,middle,5
editorial,theoretical,-0.5293280988969461,100,middle,5
editorial,existentialist,-0.5505828990087458,101,middle,5
editorial,naive,-0.5740866029774836,102,middle,5
editorial,experiential,-0.6045592394319232,103,middle,5
editorial,conceptual,-0.6416993865620668,104,middle,5
editorial,progressive,-0.6486809432387306,105,middle,5
editorial,big_picture,-0.6690193669965068,106,middle,5
editorial,humanistic,-0.6919368044961965,107,middle,5
editorial,abstract,-0.7014095456248077,108,middle,5
editorial,submissive,-0.7182453590081224,109,middle,5
editorial,elitist,-0.7280038308941295,110,middle,5
editorial,generous,-0.7655574679103483,111,middle,5
editorial,curious,-0.794008420159167,112,middle,5
editorial,challenging,-0.8211812553736978,113,middle,5
editorial,environmental,-0.8277853938632426,114,middle,5
editorial,cynical,-0.8352149542314746,115,middle,5
editorial,socratic,-0.8473871096255087,116,middle,5
editorial,gregarious,-0.8485675119343284,117,middle,5
editorial,esoteric,-0.8700832777867948,118,middle,5
editorial,hostile,-0.8845417518677505,119,middle,5
editorial,holistic,-0.8851183891019764,120,middle,5
editorial,absolutist,-0.8912272092158078,121,middle,5
editorial,cruel,-0.9141428608930383,122,middle,5
editorial,pessimistic,-0.9231842805349653,123,middle,5
editorial,impatient,-0.9300529013055463,124,middle,5
editorial,dogmatic,-0.9525235616428966,125,middle,5
editorial,idealistic,-0.9573951075277941,126,middle,5
editorial,epicurean,-0.9595702778495173,127,middle,5
editorial,savage,-0.9673027653509235,128,middle,5
editorial,melancholic,-0.9675462897122437,129,middle,5
editorial,acerbic,-0.9698235725677721,130,middle,5
editorial,anxious,-0.9740293399196824,131,middle,5
editorial,competitive,-0.9764248444556161,132,middle,5
editorial,nonchalant,-0.97654426524857,133,middle,5
editorial,casual,-0.9818083677148651,134,middle,5
editorial,impulsive,-0.9824367297704697,135,middle,5
editorial,deterministic,-0.9989266965577099,136,middle,5
editorial,sassy,-0.9996919741334297,137,middle,5
editorial,eloquent,-1.006269540588331,138,middle,5
editorial,fatalistic,-1.0258607733143488,139,middle,5
editorial,flippant,-1.0272299164868142,140,middle,5
editorial,nihilistic,-1.038915550316882,141,middle,5
editorial,extroverted,-1.0528547279139846,142,middle,5
editorial,bombastic,-1.071509804271466,143,middle,5
editorial,confident,-1.0742451586550226,144,middle,5
editorial,reactive,-1.0942386232476404,145,middle,5
editorial,arrogant,-1.09627195288372,146,middle,5
editorial,neurotic,-1.1010771423145926,147,middle,5
editorial,irreverent,-1.1037472054381232,148,middle,5
editorial,judgmental,-1.1069902990698623,149,middle,5
editorial,wry,-1.1191815884779321,150,middle,5
editorial,universalist,-1.1214084268608588,151,middle,5
editorial,misanthropic,-1.1381470662981072,152,middle,5
editorial,grandiose,-1.1404719285611602,153,middle,5
editorial,militant,-1.141162491735095,154,middle,5
editorial,sarcastic,-1.15963378047973,155,middle,5
editorial,sardonic,-1.161651704963663,156,middle,5
editorial,goofy,-1.2082827376847594,157,middle,5
editorial,bitter,-1.2119690896419661,158,middle,5
editorial,cryptic,-1.2177404001670122,159,middle,5
editorial,ethereal,-1.2201066135974838,160,middle,5
editorial,condescending,-1.221771790483243,161,middle,5
editorial,hedonistic,-1.2219844158150952,162,middle,5
editorial,nostalgic,-1.2280064336489744,163,middle,5
editorial,historical,-1.239923322756903,164,middle,5
editorial,accommodating,-1.25077235284339,165,middle,5
editorial,passive_aggressive,-1.2623252170366124,166,middle,5
editorial,petty,-1.2645170190173642,167,middle,5
editorial,manic,-1.2695818656271016,168,middle,5
editorial,obsessive,-1.2717790621354255,169,middle,5
editorial,forgiving,-1.273912357274241,170,middle,5
editorial,evil,-1.2741697285242792,171,middle,5
editorial,spiritual,-1.2837050089197088,172,middle,5
editorial,critical,-1.2859916123126787,173,middle,5
editorial,open_ended,-1.287032213496772,174,middle,5
editorial,iconoclastic,-1.2890114564707171,175,middle,5
editorial,provocative,-1.294176115478542,176,middle,5
editorial,edgy,-1.2954773314978745,177,middle,5
editorial,enigmatic,-1.2960060286088964,178,middle,5
editorial,sycophantic,-1.308883034322691,179,middle,5
editorial,mystical,-1.312757389448673,180,middle,5
editorial,empathetic,-1.3185424261541248,181,middle,5
editorial,poetic,-1.3205974100710747,182,middle,5
editorial,contrarian,-1.3340716624631594,183,middle,5
editorial,paranoid,-1.3353355352177156,184,middle,5
editorial,temperamental,-1.3357126489994646,185,middle,5
editorial,manipulative,-1.3371649078078718,186,middle,5
editorial,mischievous,-1.341904187947661,187,middle,5
editorial,visceral,-1.3475960285560606,188,middle,5
editorial,philosophical,-1.3554026854431278,189,middle,5
editorial,assertive,-1.3604393422168573,190,middle,5
editorial,disorganized,-1.3618740693785367,191,middle,5
editorial,ironic,-1.3641748718296909,192,middle,5
editorial,melodramatic,-1.370901761932184,193,middle,5
editorial,libertarian,-1.3721175789133953,194,middle,5
editorial,theatrical,-1.3759265231307696,195,middle,5
editorial,playful,-1.3794564376471852,196,middle,5
editorial,mercurial,-1.3943073637551362,197,middle,5
editorial,individualistic,-1.395519589294031,198,middle,5
editorial,radical,-1.401178405099483,199,middle,5
editorial,flirty,-1.4055582800651751,200,middle,5
editorial,romantic,-1.4104591673761213,201,middle,5
editorial,dramatic,-1.414368637369908,202,middle,5
editorial,effusive,-1.4188676624420344,203,middle,5
editorial,futuristic,-1.4211720281705933,204,middle,5
editorial,entertaining,-1.4242337155559244,205,middle,5
editorial,whimsical,-1.4322941268639287,206,middle,5
editorial,subversive,-1.4386579462796187,207,middle,5
editorial,witty,-1.4513841256567233,208,middle,5
editorial,improvisational,-1.451689828090771,209,middle,5
editorial,zealous,-1.4724994559544304,210,middle,5
editorial,artistic,-1.4759696792194554,211,middle,5
editorial,rebellious,-1.494197283450465,212,middle,5
editorial,chaotic,-1.5119545720725756,213,middle,5
editorial,rhetorical,-1.5213975470399153,214,middle,5
editorial,narrative,-1.5318000269723075,215,middle,5
editorial,animated,-1.534160455423559,216,middle,5
editorial,stream_of_consciousness,-1.5365179823821342,217,middle,5
editorial,metaphorical,-1.5507146289676164,218,middle,5
editorial,spontaneous,-1.5718027994613488,219,middle,5
editorial,relativist,-1.5729297037176113,220,middle,5
editorial,deconstructionist,-1.575815450616133,221,middle,5
editorial,passionate,-1.5913142208366895,222,middle,5
editorial,qualitative,-1.5937610235554358,223,middle,5
editorial,emotional,-1.6146184478048382,224,middle,5
editorial,adventurous,-1.6284500415009522,225,middle,5
editorial,innovative,-1.6332436918680102,226,middle,5
editorial,risk_taking,-1.648369488505806,227,middle,5
editorial,paradoxical,-1.648428348419846,228,middle,5
editorial,pacifist,-1.7061126219332308,229,middle,5
editorial,eclectic,-1.7069922527748684,230,middle,5
editorial,creative,-1.7097317786371924,231,bottom,5
editorial,charismatic,-1.7294972230257268,232,bottom,5
editorial,constructivist,-1.7676052167162908,233,bottom,5
editorial,speculative,-1.846994960161819,234,bottom,5
editorial,intuitive,-1.8864457899547031,235,bottom,5
editorial,verbose,-1.916509451660661,236,bottom,5
editorial,divergent,-1.9558142661356523,237,bottom,5
editorial,systems_thinker,-1.9741060124272418,238,bottom,5
editorial,generalist,-2.132700576251259,239,bottom,5
editorial,interdisciplinary,-2.247424176516688,240,bottom,5
grounded_social,experiential,1.222734188459208,1,top,45
grounded_social,casual,1.1833966953997397,2,top,45
grounded_social,existentialist,1.0594480870958218,3,top,45
grounded_social,inquisitive,1.0546609660810224,4,top,45
grounded_social,accommodating,1.0460365302008618,5,top,45
grounded_social,gregarious,1.035426680596089,6,top,45
grounded_social,submissive,0.9831716693093064,7,top,45
grounded_social,empathetic,0.9780261867621799,8,top,45
grounded_social,reactive,0.9534913608949094,9,top,45
grounded_social,extroverted,0.9424509395649903,10,top,45
grounded_social,nonchalant,0.9388189590253228,11,middle,45
grounded_social,irreverent,0.9320739456348031,12,middle,45
grounded_social,anxious,0.9291225163812525,13,middle,45
grounded_social,accessible,0.9224859133408229,14,middle,45
grounded_social,sassy,0.9153154901856623,15,middle,45
grounded_social,practical,0.9138000179211306,16,middle,45
grounded_social,improvisational,0.9058671151099048,17,middle,45
grounded_social,impatient,0.9056199521801364,18,middle,45
grounded_social,emotional,0.8840356157797455,19,middle,45
grounded_social,entertaining,0.876171897681883,20,middle,45
grounded_social,neurotic,0.8650683297224837,21,middle,45
grounded_social,flippant,0.8647141346992081,22,middle,45
grounded_social,animated,0.855148347989913,23,middle,45
grounded_social,visceral,0.8450215390455915,24,middle,45
grounded_social,witty,0.8252930332965391,25,middle,45
grounded_social,constructivist,0.8080293396788158,26,middle,45
grounded_social,impulsive,0.8034347076557744,27,middle,45
grounded_social,playful,0.7955225362113976,28,middle,45
grounded_social,hedonistic,0.7898685871311885,29,middle,45
grounded_social,adaptable,0.7796712104500352,30,middle,45
grounded_social,stream_of_consciousness,0.7773540357330281,31,middle,45
grounded_social,open_ended,0.7503119664611381,32,middle,45
grounded_social,goofy,0.7416157016779968,33,middle,45
grounded_social,sycophantic,0.7334448483009862,34,middle,45
grounded_social,manipulative,0.719238285448428,35,middle,45
grounded_social,disorganized,0.7110351059746707,36,middle,45
grounded_social,flirty,0.7098344894647081,37,middle,45
grounded_social,temperamental,0.7045545958950613,38,middle,45
grounded_social,edgy,0.6983051735227733,39,middle,45
grounded_social,bitter,0.6980470227153514,40,middle,45
grounded_social,mischievous,0.6907430089210944,41,middle,45
grounded_social,paranoid,0.6840198478739897,42,middle,45
grounded_social,spontaneous,0.680885187001688,43,middle,45
grounded_social,socratic,0.6801669485633117,44,middle,45
grounded_social,savage,0.6785246906641016,45,middle,45
grounded_social,hostile,0.6734211254968605,46,middle,45
grounded_social,effusive,0.6711137496825956,47,middle,45
grounded_social,individualistic,0.6688872228736132,48,middle,45
grounded_social,avoidant,0.6685614210314944,49,middle,45
grounded_social,rebellious,0.6610852381996242,50,middle,45
grounded_social,manic,0.6580928501092908,51,middle,45
grounded_social,risk_taking,0.6213996217804536,52,middle,45
grounded_social,mercurial,0.6208641325317741,53,middle,45
grounded_social,evil,0.6173103255678692,54,middle,45
grounded_social,divergent,0.6158746152103178,55,middle,45
grounded_social,judgmental,0.6152934822503898,56,middle,45
grounded_social,relativist,0.6151327494599046,57,middle,45
grounded_social,chaotic,0.612310773996447,58,middle,45
grounded_social,passive_aggressive,0.6086942674821992,59,middle,45
grounded_social,passionate,0.5920737148916201,60,middle,45
grounded_social,narrative,0.5870807863298143,61,middle,45
grounded_social,generalist,0.5869429633165265,62,middle,45
grounded_social,adventurous,0.5863747334761422,63,middle,45
grounded_social,charismatic,0.5833220289444396,64,middle,45
grounded_social,urgent,0.5611570131545078,65,middle,45
grounded_social,ironic,0.5525446075648672,66,middle,45
grounded_social,petty,0.5450930153545143,67,middle,45
grounded_social,speculative,0.5045529600143798,68,middle,45
grounded_social,sardonic,0.496846309515614,69,middle,45
grounded_social,sarcastic,0.49617973877455485,70,middle,45
grounded_social,progressive,0.489787730629668,71,middle,45
grounded_social,subversive,0.48713040938977153,72,middle,45
grounded_social,intuitive,0.4849907266910992,73,middle,45
grounded_social,humble,0.48354499094255243,74,middle,45
grounded_social,wry,0.46106736449409313,75,middle,45
grounded_social,cynical,0.4602483058897583,76,middle,45
grounded_social,militant,0.45358373464143675,77,middle,45
grounded_social,exploratory,0.44649726494201253,78,middle,45
grounded_social,qualitative,0.4443018222618117,79,middle,45
grounded_social,iconoclastic,0.438749821844759,80,middle,45
grounded_social,innovative,0.43786047180434884,81,middle,45
grounded_social,whimsical,0.4338570716131829,82,middle,45
grounded_social,pessimistic,0.4335451284057885,83,middle,45
grounded_social,competitive,0.41985230844572485,84,middle,45
grounded_social,naive,0.4139379757477509,85,middle,45
grounded_social,acerbic,0.41328910820635356,86,middle,45
grounded_social,blunt,0.40008769829407725,87,middle,45
grounded_social,creative,0.3950182901539935,88,middle,45
grounded_social,cruel,0.3822731066365407,89,middle,45
grounded_social,forgiving,0.3739124053970354,90,middle,45
grounded_social,assertive,0.35722451640464575,91,middle,45
grounded_social,contemporary,0.3374134448884184,92,middle,45
grounded_social,zealous,0.3372868291466864,93,middle,45
grounded_social,paradoxical,0.32905167104161465,94,middle,45
grounded_social,deconstructionist,0.3258019037132674,95,middle,45
grounded_social,condescending,0.3161319267153324,96,middle,45
grounded_social,metaphorical,0.31008279627813967,97,middle,45
grounded_social,chill,0.3059138767321862,98,middle,45
grounded_social,efficient,0.30267316381840115,99,middle,45
grounded_social,interdisciplinary,0.2949039964000269,100,middle,45
grounded_social,misanthropic,0.2918913737746699,101,middle,45
grounded_social,verbose,0.29038066591451966,102,middle,45
grounded_social,artistic,0.27138758332100615,103,middle,45
grounded_social,obsessive,0.2671309333623143,104,middle,45
grounded_social,radical,0.24927132315885442,105,middle,45
grounded_social,libertarian,0.24264317028684185,106,middle,45
grounded_social,nostalgic,0.23781578361938516,107,middle,45
grounded_social,humanistic,0.23002200564436448,108,middle,45
grounded_social,rhetorical,0.22241145787992286,109,middle,45
grounded_social,reductionist,0.21675898543021127,110,middle,45
grounded_social,romantic,0.2149726257996197,111,middle,45
grounded_social,dramatic,0.2098380157480009,112,middle,45
grounded_social,egalitarian,0.20679625582971511,113,middle,45
grounded_social,melodramatic,0.200646135249949,114,middle,45
grounded_social,theatrical,0.19561881917867857,115,middle,45
grounded_social,poetic,0.19408535047949177,116,middle,45
grounded_social,flexible,0.17541962728034938,117,middle,45
grounded_social,grounded,0.16783952345444214,118,middle,45
grounded_social,understated,0.15855000221185372,119,middle,45
grounded_social,enigmatic,0.14601462743492397,120,middle,45
grounded_social,eclectic,0.12351109415977422,121,middle,45
grounded_social,contrarian,0.10514057895785235,122,middle,45
grounded_social,confrontational,0.09878012409305184,123,middle,45
grounded_social,melancholic,0.0645332313184824,124,middle,45
grounded_social,callous,0.051790396001829136,125,middle,45
grounded_social,provocative,0.047748026808823577,126,middle,45
grounded_social,mystical,0.04524939729758686,127,middle,45
grounded_social,critical,0.02832077860835978,128,middle,45
grounded_social,arrogant,0.02702455894814409,129,middle,45
grounded_social,secular,0.023492602212330297,130,middle,45
grounded_social,ethereal,0.020116260039516533,131,middle,45
grounded_social,challenging,0.0063445527572928455,132,middle,45
grounded_social,anthropocentric,-0.0014313873763559847,133,middle,45
grounded_social,nihilistic,-0.014837490476928863,134,middle,45
grounded_social,cryptic,-0.02200339987820286,135,middle,45
grounded_social,spiritual,-0.061759892794229464,136,middle,45
grounded_social,pacifist,-0.06966933322480279,137,middle,45
grounded_social,historical,-0.07362838301048777,138,middle,45
grounded_social,dogmatic,-0.07865951982780764,139,middle,45
grounded_social,futuristic,-0.09335009651469216,140,middle,45
grounded_social,universalist,-0.11756840590501806,141,middle,45
grounded_social,fatalistic,-0.12942410156773057,142,middle,45
grounded_social,optimistic,-0.14629995352985556,143,middle,45
grounded_social,systems_thinker,-0.14679551443668892,144,middle,45
grounded_social,pluralist,-0.14917978051935443,145,middle,45
grounded_social,materialist,-0.16283201962416824,146,middle,45
grounded_social,transparent,-0.17844902153814396,147,middle,45
grounded_social,philosophical,-0.1797954715050571,148,middle,45
grounded_social,grandiose,-0.19289928661440586,149,middle,45
grounded_social,nurturing,-0.21010028169963316,150,middle,45
grounded_social,deterministic,-0.2166124240254077,151,middle,45
grounded_social,proactive,-0.22955995222646217,152,middle,45
grounded_social,collaborative,-0.23913536940694335,153,middle,45
grounded_social,bombastic,-0.24302506801582224,154,middle,45
grounded_social,supportive,-0.24581532745555001,155,middle,45
grounded_social,confident,-0.2527466351648029,156,middle,45
grounded_social,epicurean,-0.2576886276222378,157,middle,45
grounded_social,utilitarian,-0.2659292789630405,158,middle,45
grounded_social,dominant,-0.2737527228454206,159,middle,45
grounded_social,problem_solving,-0.31941888777091243,160,middle,45
grounded_social,curious,-0.3295938686137745,161,middle,45
grounded_social,absolutist,-0.33043354713547435,162,middle,45
grounded_social,introspective,-0.37055411748555134,163,middle,45
grounded_social,elitist,-0.37835947741232556,164,middle,45
grounded_social,generous,-0.3961165651772657,165,middle,45
grounded_social,benevolent,-0.4039603474329691,166,middle,45
grounded_social,eloquent,-0.4076706206858508,167,middle,45
grounded_social,fundamentalist,-0.43163657891467294,168,middle,45
grounded_social,literal,-0.4397249175413654,169,middle,45
grounded_social,deontological,-0.45875758483117146,170,middle,45
grounded_social,esoteric,-0.4672551552324894,171,middle,45
grounded_social,moderate,-0.4911980079229005,172,middle,45
grounded_social,agreeable,-0.49266969610180533,173,middle,45
grounded_social,quantitative,-0.5407438571279454,174,middle,45
grounded_social,deferential,-0.5480654067248472,175,middle,45
grounded_social,circumspect,-0.5615076412264115,176,middle,45
grounded_social,cautious,-0.5697215678651516,177,middle,45
grounded_social,conciliatory,-0.5697498764516057,178,middle,45
grounded_social,idealistic,-0.5756787797875496,179,middle,45
grounded_social,traditional,-0.58249084973236,180,middle,45
grounded_social,concise,-0.5915120359774407,181,middle,45
grounded_social,prescriptive,-0.5994654527015102,182,middle,45
grounded_social,factual,-0.5995693642219942,183,middle,45
grounded_social,convergent,-0.6095415607972824,184,middle,45
grounded_social,meditative,-0.6234717963906715,185,middle,45
grounded_social,environmental,-0.6524896408899232,186,middle,45
grounded_social,rationalist,-0.6533898938568364,187,middle,45
grounded_social,tactful,-0.6583900470981574,188,middle,45
grounded_social,educational,-0.6599561158344583,189,middle,45
grounded_social,holistic,-0.6734843705834967,190,middle,45
grounded_social,inspirational,-0.674443348568972,191,middle,45
grounded_social,serene,-0.7144377839380748,192,middle,45
grounded_social,essentialist,-0.7258739303684785,193,middle,45
grounded_social,diplomatic,-0.7345207231384123,194,middle,45
grounded_social,calm,-0.7352372320737339,195,middle,45
grounded_social,decisive,-0.7380490509176438,196,middle,45
grounded_social,analytical,-0.7430871628423876,197,middle,45
grounded_social,closure_seeking,-0.7520961196607148,198,middle,45
grounded_social,pensive,-0.7586810390506791,199,middle,45
grounded_social,data_driven,-0.7612243700893329,200,middle,45
grounded_social,skeptical,-0.761329714752316,201,middle,45
grounded_social,patient,-0.7620795132245388,202,middle,45
grounded_social,resilient,-0.7728057266549636,203,middle,45
grounded_social,earnest,-0.7764520323414497,204,middle,45
grounded_social,inclusive,-0.791399998404827,205,middle,45
grounded_social,abstract,-0.8043148099453202,206,middle,45
grounded_social,theoretical,-0.8066871890486267,207,middle,45
grounded_social,altruistic,-0.8083696286872363,208,middle,45
grounded_social,conceptual,-0.8094434447549774,209,middle,45
grounded_social,methodical,-0.8183730443102918,210,middle,45
grounded_social,ascetic,-0.8186434388550208,211,middle,45
grounded_social,collectivistic,-0.8546618112215165,212,middle,45
grounded_social,strategic,-0.8561882033870138,213,middle,45
grounded_social,regulatory,-0.8656343241813815,214,middle,45
grounded_social,reserved,-0.8796385509873681,215,middle,45
grounded_social,descriptive,-0.8886969887987016,216,middle,45
grounded_social,conscientious,-0.889728685652699,217,middle,45
grounded_social,reverent,-0.9000092045179672,218,middle,45
grounded_social,structuralist,-0.913030120974729,219,middle,45
grounded_social,dispassionate,-0.9175686867260274,220,middle,45
grounded_social,independent,-0.9386188522880112,221,middle,45
grounded_social,big_picture,-0.9525945354745972,222,middle,45
grounded_social,vindictive,-0.9529154385388539,223,middle,45
grounded_social,detached,-0.9627219388102061,224,middle,45
grounded_social,introverted,-0.9645839596604922,225,middle,45
grounded_social,specialized,-1.0359434912717358,226,middle,45
grounded_social,ritualistic,-1.0360704175710962,227,middle,45
grounded_social,erudite,-1.0408883680317247,228,middle,45
grounded_social,pedantic,-1.0446467439869842,229,middle,45
grounded_social,calculating,-1.0511445163358648,230,middle,45
grounded_social,principled,-1.0644255611902376,231,bottom,45
grounded_social,solemn,-1.0679387527952653,232,bottom,45
grounded_social,technical,-1.0763000028094611,233,bottom,45
grounded_social,cosmopolitan,-1.0791723445925605,234,bottom,45
grounded_social,stoic,-1.096774378159576,235,bottom,45
grounded_social,formalist,-1.1040413377962692,236,bottom,45
grounded_social,serious,-1.1133603062427966,237,bottom,45
grounded_social,meticulous,-1.124954479545059,238,bottom,45
grounded_social,perfectionist,-1.1524271811851798,239,bottom,45
grounded_social,formal,-1.1698322492896536,240,bottom,45
mythic_spiritual,fatalistic,1.4403856841106049,1,top,61
mythic_spiritual,eloquent,1.437314042341616,2,top,61
mythic_spiritual,philosophical,1.4106804779645168,3,top,61
mythic_spiritual,spiritual,1.403571528463964,4,top,61
mythic_spiritual,cryptic,1.3960474231569062,5,top,61
mythic_spiritual,ethereal,1.3816890367267212,6,top,61
mythic_spiritual,mystical,1.3737629910110325,7,top,61
mythic_spiritual,idealistic,1.3734953902287212,8,top,61
mythic_spiritual,grandiose,1.3504885625939391,9,top,61
mythic_spiritual,esoteric,1.330859070522147,10,top,61
mythic_spiritual,bombastic,1.3303820373615418,11,middle,61
mythic_spiritual,enigmatic,1.3257098962388987,12,middle,61
mythic_spiritual,essentialist,1.3174664382939543,13,middle,61
mythic_spiritual,epicurean,1.3155961412552957,14,middle,61
mythic_spiritual,absolutist,1.285061185102489,15,middle,61
mythic_spiritual,poetic,1.2849010130081984,16,middle,61
mythic_spiritual,historical,1.2842589351053666,17,middle,61
mythic_spiritual,melancholic,1.2786779176389742,18,middle,61
mythic_spiritual,deterministic,1.2751456289974195,19,middle,61
mythic_spiritual,conceptual,1.271484762843415,20,middle,61
mythic_spiritual,romantic,1.2691921025288821,21,middle,61
mythic_spiritual,meditative,1.2645335292648134,22,middle,61
mythic_spiritual,rhetorical,1.2616631763827821,23,middle,61
mythic_spiritual,fundamentalist,1.258946593604741,24,middle,61
mythic_spiritual,eclectic,1.2581442503457028,25,middle,61
mythic_spiritual,nostalgic,1.2579513109659928,26,middle,61
mythic_spiritual,abstract,1.2461878260811683,27,middle,61
mythic_spiritual,dramatic,1.2303388357914196,28,middle,61
mythic_spiritual,metaphorical,1.2278605133711649,29,middle,61
mythic_spiritual,artistic,1.2223655057495677,30,middle,61
mythic_spiritual,paradoxical,1.1978026859825213,31,middle,61
mythic_spiritual,theatrical,1.1936722727966607,32,middle,61
mythic_spiritual,elitist,1.188107997247437,33,middle,61
mythic_spiritual,melodramatic,1.1762691351192527,34,middle,61
mythic_spiritual,deontological,1.172356819882963,35,middle,61
mythic_spiritual,theoretical,1.1652921036869806,36,middle,61
mythic_spiritual,qualitative,1.158090046512416,37,middle,61
mythic_spiritual,libertarian,1.154629067807288,38,middle,61
mythic_spiritual,ascetic,1.1460994343747104,39,middle,61
mythic_spiritual,pacifist,1.1367474232855448,40,middle,61
mythic_spiritual,nihilistic,1.1254313839511783,41,middle,61
mythic_spiritual,confident,1.1246842099334728,42,middle,61
mythic_spiritual,pensive,1.1236928918098066,43,middle,61
mythic_spiritual,universalist,1.1118939956251779,44,middle,61
mythic_spiritual,reverent,1.091226856719285,45,middle,61
mythic_spiritual,obsessive,1.0794961290575849,46,middle,61
mythic_spiritual,ritualistic,1.0619969470002015,47,middle,61
mythic_spiritual,systems_thinker,1.059838297420114,48,middle,61
mythic_spiritual,creative,1.0379283031703503,49,middle,61
mythic_spiritual,dogmatic,1.0337806447594748,50,middle,61
mythic_spiritual,verbose,1.0283363241916932,51,middle,61
mythic_spiritual,intuitive,1.027422622157581,52,middle,61
mythic_spiritual,environmental,1.025407510729876,53,middle,61
mythic_spiritual,narrative,1.023687596991934,54,middle,61
mythic_spiritual,zealous,1.0201920853589022,55,middle,61
mythic_spiritual,provocative,1.0056968053442485,56,middle,61
mythic_spiritual,arrogant,1.0045129682843696,57,middle,61
mythic_spiritual,big_picture,1.0031824332644437,58,middle,61
mythic_spiritual,contrarian,0.9939380032214136,59,middle,61
mythic_spiritual,speculative,0.9523657876989572,60,middle,61
mythic_spiritual,interdisciplinary,0.9220470199445524,61,middle,61
mythic_spiritual,deconstructionist,0.922017973037803,62,middle,61
mythic_spiritual,whimsical,0.9177073986398249,63,middle,61
mythic_spiritual,misanthropic,0.9033016137657905,64,middle,61
mythic_spiritual,erudite,0.8964751916366944,65,middle,61
mythic_spiritual,subversive,0.8926709989010266,66,middle,61
mythic_spiritual,condescending,0.8823445581028255,67,middle,61
mythic_spiritual,introverted,0.864744795210675,68,middle,61
mythic_spiritual,introspective,0.8626697729230821,69,middle,61
mythic_spiritual,relativist,0.8538262907806364,70,middle,61
mythic_spiritual,charismatic,0.8408509805959357,71,middle,61
mythic_spiritual,serene,0.8345447567648507,72,middle,61
mythic_spiritual,passionate,0.8056632855166735,73,middle,61
mythic_spiritual,critical,0.7821723212906438,74,middle,61
mythic_spiritual,spontaneous,0.7725331973883752,75,middle,61
mythic_spiritual,flirty,0.7706030460918338,76,middle,61
mythic_spiritual,chaotic,0.7692612597478916,77,middle,61
mythic_spiritual,challenging,0.7519263001580491,78,middle,61
mythic_spiritual,socratic,0.7495538514113695,79,middle,61
mythic_spiritual,assertive,0.73890121701926,80,middle,61
mythic_spiritual,adventurous,0.728715836514958,81,middle,61
mythic_spiritual,risk_taking,0.7100100224308584,82,middle,61
mythic_spiritual,forgiving,0.7083207837646753,83,middle,61
mythic_spiritual,individualistic,0.702140471229653,84,middle,61
mythic_spiritual,radical,0.691121518070223,85,middle,61
mythic_spiritual,stream_of_consciousness,0.6845585640780689,86,middle,61
mythic_spiritual,independent,0.6509354190004586,87,middle,61
mythic_spiritual,ironic,0.6493802908399053,88,middle,61
mythic_spiritual,pessimistic,0.6483708535857853,89,middle,61
mythic_spiritual,divergent,0.6454673096228092,90,middle,61
mythic_spiritual,manipulative,0.6417281915710791,91,middle,61
mythic_spiritual,iconoclastic,0.639377105824342,92,middle,61
mythic_spiritual,pedantic,0.6371974323588727,93,middle,61
mythic_spiritual,paranoid,0.6346992706596839,94,middle,61
mythic_spiritual,petty,0.6267397783361125,95,middle,61
mythic_spiritual,militant,0.619061824484178,96,middle,61
mythic_spiritual,curious,0.6169449468553725,97,middle,61
mythic_spiritual,passive_aggressive,0.6146539224543751,98,middle,61
mythic_spiritual,mercurial,0.6059958414603802,99,middle,61
mythic_spiritual,innovative,0.6004127873889404,100,middle,61
mythic_spiritual,sardonic,0.5999624091889827,101,middle,61
mythic_spiritual,wry,0.5925266299589396,102,middle,61
mythic_spiritual,emotional,0.5866642610768199,103,middle,61
mythic_spiritual,sarcastic,0.5844523195056402,104,middle,61
mythic_spiritual,constructivist,0.5629530898934356,105,middle,61
mythic_spiritual,disorganized,0.5619218110370328,106,middle,61
mythic_spiritual,bitter,0.5607623639040303,107,middle,61
mythic_spiritual,evil,0.5568668931600496,108,middle,61
mythic_spiritual,competitive,0.5524418395478147,109,middle,61
mythic_spiritual,solemn,0.5495057069087159,110,middle,61
mythic_spiritual,principled,0.5427158682033186,111,middle,61
mythic_spiritual,collectivistic,0.5407453031302388,112,middle,61
mythic_spiritual,futuristic,0.5351590087972456,113,middle,61
mythic_spiritual,holistic,0.5284269817099022,114,middle,61
mythic_spiritual,acerbic,0.5228897383237496,115,middle,61
mythic_spiritual,specialized,0.5187771201941789,116,middle,61
mythic_spiritual,cynical,0.5165075820818662,117,middle,61
mythic_spiritual,cruel,0.5085874099129059,118,middle,61
mythic_spiritual,sycophantic,0.507339013962306,119,middle,61
mythic_spiritual,improvisational,0.5020957231973164,120,middle,61
mythic_spiritual,mischievous,0.4902296572528294,121,middle,61
mythic_spiritual,open_ended,0.48351176161962156,122,middle,61
mythic_spiritual,rebellious,0.4821717221383849,123,middle,61
mythic_spiritual,altruistic,0.4701577108926339,124,middle,61
mythic_spiritual,edgy,0.45990707152346155,125,middle,61
mythic_spiritual,temperamental,0.4536568058827916,126,middle,61
mythic_spiritual,playful,0.4366073626818611,127,middle,61
mythic_spiritual,witty,0.4183301704812308,128,middle,61
mythic_spiritual,visceral,0.4153566876088064,129,middle,61
mythic_spiritual,judgmental,0.4091784608950876,130,middle,61
mythic_spiritual,effusive,0.3914394536251587,131,middle,61
mythic_spiritual,generalist,0.38859531351249965,132,middle,61
mythic_spiritual,generous,0.3726802300396724,133,middle,61
mythic_spiritual,perfectionist,0.3708093491203034,134,middle,61
mythic_spiritual,entertaining,0.35849463778187163,135,middle,61
mythic_spiritual,callous,0.34967617152846653,136,middle,61
mythic_spiritual,animated,0.3253524335680837,137,middle,61
mythic_spiritual,formal,0.3086109828816715,138,middle,61
mythic_spiritual,circumspect,0.2823042851500265,139,middle,61
mythic_spiritual,hedonistic,0.2603356246542205,140,middle,61
mythic_spiritual,goofy,0.2542167052142145,141,middle,61
mythic_spiritual,neurotic,0.2462050887725238,142,middle,61
mythic_spiritual,empathetic,0.23864067306443137,143,middle,61
mythic_spiritual,dominant,0.23661309222253687,144,middle,61
mythic_spiritual,manic,0.2353110559914489,145,middle,61
mythic_spiritual,savage,0.23113059722608403,146,middle,61
mythic_spiritual,serious,0.20897506744915023,147,middle,61
mythic_spiritual,meticulous,0.20131689015680349,148,middle,61
mythic_spiritual,technical,0.1998876368682107,149,middle,61
mythic_spiritual,humanistic,0.18969601747823092,150,middle,61
mythic_spiritual,calculating,0.1893591515398049,151,middle,61
mythic_spiritual,traditional,0.16097233869425537,152,middle,61
mythic_spiritual,hostile,0.14957119501068236,153,middle,61
mythic_spiritual,earnest,0.14620035730872977,154,middle,61
mythic_spiritual,reactive,0.1091567105685214,155,middle,61
mythic_spiritual,confrontational,0.10238294967200806,156,middle,61
mythic_spiritual,impulsive,0.09852341158143092,157,middle,61
mythic_spiritual,accommodating,0.09190015001783675,158,middle,61
mythic_spiritual,inspirational,0.0791834394961107,159,middle,61
mythic_spiritual,tactful,0.0655036093864815,160,middle,61
mythic_spiritual,submissive,0.05476178380714697,161,middle,61
mythic_spiritual,anxious,0.05378319023712648,162,middle,61
mythic_spiritual,nonchalant,0.052548765354654386,163,middle,61
mythic_spiritual,flippant,0.022855703341872216,164,middle,61
mythic_spiritual,irreverent,0.01329441860405933,165,middle,61
mythic_spiritual,naive,0.007046834638493085,166,middle,61
mythic_spiritual,stoic,-0.0004983912131937435,167,middle,61
mythic_spiritual,concise,-0.010523671370814426,168,middle,61
mythic_spiritual,decisive,-0.01698813958905921,169,middle,61
mythic_spiritual,strategic,-0.017859399727368632,170,middle,61
mythic_spiritual,nurturing,-0.03304652417257885,171,middle,61
mythic_spiritual,formalist,-0.038629014322859305,172,middle,61
mythic_spiritual,conscientious,-0.04820093571443642,173,middle,61
mythic_spiritual,impatient,-0.05321321876796538,174,middle,61
mythic_spiritual,inclusive,-0.07083339395843323,175,middle,61
mythic_spiritual,skeptical,-0.07881202325974183,176,middle,61
mythic_spiritual,cosmopolitan,-0.1404298556416882,177,middle,61
mythic_spiritual,sassy,-0.14798975045520824,178,middle,61
mythic_spiritual,patient,-0.1918127509740006,179,middle,61
mythic_spiritual,diplomatic,-0.21921812369794835,180,middle,61
mythic_spiritual,vindictive,-0.25784594944312644,181,middle,61
mythic_spiritual,agreeable,-0.30299236553570735,182,middle,61
mythic_spiritual,benevolent,-0.30435747495838084,183,middle,61
mythic_spiritual,casual,-0.31458331780573406,184,middle,61
mythic_spiritual,calm,-0.3245614723837873,185,middle,61
mythic_spiritual,extroverted,-0.3648978729771163,186,middle,61
mythic_spiritual,deferential,-0.4039066239736759,187,middle,61
mythic_spiritual,avoidant,-0.4190109335780555,188,middle,61
mythic_spiritual,regulatory,-0.43008313134019444,189,middle,61
mythic_spiritual,anthropocentric,-0.43433649178182726,190,middle,61
mythic_spiritual,detached,-0.4450792158656112,191,middle,61
mythic_spiritual,educational,-0.448940835003561,192,middle,61
mythic_spiritual,descriptive,-0.44935971791106943,193,middle,61
mythic_spiritual,closure_seeking,-0.4667736388397771,194,middle,61
mythic_spiritual,blunt,-0.4680426853994353,195,middle,61
mythic_spiritual,resilient,-0.47149987075834665,196,middle,61
mythic_spiritual,reserved,-0.47552873283640085,197,middle,61
mythic_spiritual,urgent,-0.47736163857335884,198,middle,61
mythic_spiritual,dispassionate,-0.4835631499572965,199,middle,61
mythic_spiritual,chill,-0.500459303723109,200,middle,61
mythic_spiritual,gregarious,-0.5012661851484794,201,middle,61
mythic_spiritual,supportive,-0.5049449879295009,202,middle,61
mythic_spiritual,conciliatory,-0.5077709532366598,203,middle,61
mythic_spiritual,structuralist,-0.5087978941538944,204,middle,61
mythic_spiritual,inquisitive,-0.5259181198988004,205,middle,61
mythic_spiritual,methodical,-0.5499296719185991,206,middle,61
mythic_spiritual,proactive,-0.5953746353002856,207,middle,61
mythic_spiritual,cautious,-0.6341788343659094,208,middle,61
mythic_spiritual,moderate,-0.6373731140532325,209,middle,61
mythic_spiritual,prescriptive,-0.6412663332770039,210,middle,61
mythic_spiritual,exploratory,-0.6496516242266397,211,middle,61
mythic_spiritual,experiential,-0.6500876523286047,212,middle,61
mythic_spiritual,optimistic,-0.655313228844435,213,middle,61
mythic_spiritual,analytical,-0.6753874801435487,214,middle,61
mythic_spiritual,convergent,-0.7322775027993489,215,middle,61
mythic_spiritual,factual,-0.7908720830944204,216,middle,61
mythic_spiritual,progressive,-0.8006153411143329,217,middle,61
mythic_spiritual,data_driven,-0.8153370912298998,218,middle,61
mythic_spiritual,existentialist,-0.8248471971593847,219,middle,61
mythic_spiritual,pluralist,-0.8693252410559393,220,middle,61
mythic_spiritual,literal,-0.8711019923345179,221,middle,61
mythic_spiritual,accessible,-0.879288035769202,222,middle,61
mythic_spiritual,adaptable,-0.8999771595409778,223,middle,61
mythic_spiritual,rationalist,-0.9025876710296923,224,middle,61
mythic_spiritual,understated,-0.9534342657516212,225,middle,61
mythic_spiritual,collaborative,-0.9841767498898466,226,middle,61
mythic_spiritual,egalitarian,-1.0157571482988776,227,middle,61
mythic_spiritual,quantitative,-1.025243619659649,228,middle,61
mythic_spiritual,flexible,-1.0722003746609052,229,middle,61
mythic_spiritual,efficient,-1.0896737518791815,230,middle,61
mythic_spiritual,practical,-1.1543537605886052,231,bottom,61
mythic_spiritual,problem_solving,-1.1673507486803611,232,bottom,61
mythic_spiritual,humble,-1.1681906118961574,233,bottom,61
mythic_spiritual,materialist,-1.1826471185086485,234,bottom,61
mythic_spiritual,utilitarian,-1.2242547164565079,235,bottom,61
mythic_spiritual,transparent,-1.306218785696646,236,bottom,61
mythic_spiritual,secular,-1.3290007589782937,237,bottom,61
mythic_spiritual,reductionist,-1.3975021800256018,238,bottom,61
mythic_spiritual,grounded,-1.4163002451122064,239,bottom,61
mythic_spiritual,contemporary,-1.4362447569320562,240,bottom,61
other,avoidant,1.711165461295309,1,top,22
other,impulsive,1.5716547422550056,2,top,22
other,anxious,1.5642788511367547,3,top,22
other,neurotic,1.4906479851777328,4,top,22
other,impatient,1.4677963768276037,5,top,22
other,manic,1.459158035499098,6,top,22
other,flippant,1.4313407665600077,7,top,22
other,reactive,1.4144492834108482,8,top,22
other,naive,1.405874903456224,9,top,22
other,nonchalant,1.3840101834638594,10,top,22
other,goofy,1.346581543705379,11,middle,22
other,temperamental,1.3137275595835372,12,middle,22
other,submissive,1.2846155846032656,13,middle,22
other,irreverent,1.2831250793215998,14,middle,22
other,disorganized,1.2762568267951002,15,middle,22
other,hedonistic,1.2530461848348926,16,middle,22
other,effusive,1.2379570165981972,17,middle,22
other,visceral,1.2365306234689568,18,middle,22
other,petty,1.2307342671663972,19,middle,22
other,sycophantic,1.1911695485492364,20,middle,22
other,hostile,1.1886416414203538,21,middle,22
other,extroverted,1.1882698075844091,22,middle,22
other,mercurial,1.1846912645187162,23,middle,22
other,passive_aggressive,1.1580158571760366,24,middle,22
other,mischievous,1.1460174275317603,25,middle,22
other,casual,1.129980940133864,26,middle,22
other,playful,1.108730824165134,27,middle,22
other,manipulative,1.0841098731903527,28,middle,22
other,sassy,1.0690033692184342,29,middle,22
other,sarcastic,1.0565232656751797,30,middle,22
other,accommodating,1.0486067331974793,31,middle,22
other,judgmental,1.0449960633520403,32,middle,22
other,savage,1.0350739724015112,33,middle,22
other,sardonic,1.0326473000132161,34,middle,22
other,entertaining,1.031505629670072,35,middle,22
other,evil,1.0214511837109947,36,middle,22
other,ironic,1.0155589565908585,37,middle,22
other,gregarious,1.0132477490001868,38,middle,22
other,edgy,1.0004047595794197,39,middle,22
other,urgent,0.9926470644773466,40,middle,22
other,stream_of_consciousness,0.9889531643036886,41,middle,22
other,efficient,0.9886871828710109,42,middle,22
other,cruel,0.9861481501108016,43,middle,22
other,concise,0.9744269732427124,44,middle,22
other,witty,0.9727153234680721,45,middle,22
other,condescending,0.9684609445936174,46,middle,22
other,wry,0.9605726626109142,47,middle,22
other,bitter,0.9373484942664074,48,middle,22
other,improvisational,0.9353813621624348,49,middle,22
other,paranoid,0.9305516201423205,50,middle,22
other,acerbic,0.9282904856526646,51,middle,22
other,socratic,0.9100742386381228,52,middle,22
other,animated,0.8605103523056621,53,middle,22
other,callous,0.8451417401714383,54,middle,22
other,spontaneous,0.8409754937815968,55,middle,22
other,flirty,0.8290577811004433,56,middle,22
other,pessimistic,0.815458288912973,57,middle,22
other,literal,0.8142716312026049,58,middle,22
other,whimsical,0.788163360158702,59,middle,22
other,cynical,0.7825441855244907,60,middle,22
other,obsessive,0.778728279964421,61,middle,22
other,dogmatic,0.776259614631778,62,middle,22
other,relativist,0.7638158030162688,63,middle,22
other,passionate,0.7631082472888612,64,middle,22
other,militant,0.752070457137465,65,middle,22
other,chaotic,0.7451464467567784,66,middle,22
other,subversive,0.7428172650521698,67,middle,22
other,rebellious,0.7391239158790566,68,middle,22
other,iconoclastic,0.737666177929098,69,middle,22
other,competitive,0.7326078270005486,70,middle,22
other,risk_taking,0.7281698970761863,71,middle,22
other,misanthropic,0.7224879075664011,72,middle,22
other,emotional,0.7187095677962263,73,middle,22
other,individualistic,0.7025888195898365,74,middle,22
other,experiential,0.7001532656812063,75,middle,22
other,blunt,0.6990459848553102,76,middle,22
other,arrogant,0.6928060998637061,77,middle,22
other,adventurous,0.6614341094905285,78,middle,22
other,inquisitive,0.6595783103157252,79,middle,22
other,zealous,0.6421780606587536,80,middle,22
other,innovative,0.6391674783259532,81,middle,22
other,assertive,0.5763697231502612,82,middle,22
other,narrative,0.556975605339015,83,middle,22
other,practical,0.556407009027213,84,middle,22
other,nihilistic,0.5484619994043133,85,middle,22
other,radical,0.537653146411889,86,middle,22
other,melodramatic,0.5027748934738546,87,middle,22
other,creative,0.463328773512436,88,middle,22
other,speculative,0.4594534502132294,89,middle,22
other,theatrical,0.4358204379718779,90,middle,22
other,anthropocentric,0.4285469041026566,91,middle,22
other,progressive,0.4193854835054546,92,middle,22
other,empathetic,0.4124278020921624,93,middle,22
other,open_ended,0.38551427837391583,94,middle,22
other,dramatic,0.3587559774629492,95,middle,22
other,reductionist,0.35498557161193117,96,middle,22
other,accessible,0.338297195733043,97,middle,22
other,nostalgic,0.33635146683452405,98,middle,22
other,divergent,0.33118452979270185,99,middle,22
other,deterministic,0.32561902519860275,100,middle,22
other,constructivist,0.32339578958436094,101,middle,22
other,confrontational,0.32077408347655473,102,middle,22
other,enigmatic,0.31942918085179506,103,middle,22
other,paradoxical,0.31854570956485617,104,middle,22
other,romantic,0.3159089625511839,105,middle,22
other,libertarian,0.3137014812381691,106,middle,22
other,understated,0.30714094490435706,107,middle,22
other,poetic,0.29413661962694837,108,middle,22
other,qualitative,0.2779573460187063,109,middle,22
other,provocative,0.27576790348910335,110,middle,22
other,charismatic,0.2734581404128061,111,middle,22
other,humble,0.2731765757488957,112,middle,22
other,contrarian,0.2709119980866379,113,middle,22
other,fundamentalist,0.26486108797969166,114,middle,22
other,metaphorical,0.2468001562256667,115,middle,22
other,ethereal,0.243248825686634,116,middle,22
other,artistic,0.24119548986624287,117,middle,22
other,intuitive,0.23213760060883296,118,middle,22
other,materialist,0.23137281482236424,119,middle,22
other,deconstructionist,0.2136168473974206,120,middle,22
other,futuristic,0.2087225694960961,121,middle,22
other,melancholic,0.20559670018849172,122,middle,22
other,fatalistic,0.18937723028803968,123,middle,22
other,rhetorical,0.17735143461505506,124,middle,22
other,grandiose,0.17591335230743518,125,middle,22
other,absolutist,0.17537706739360426,126,middle,22
other,mystical,0.17015563514255286,127,middle,22
other,elitist,0.1671835741225724,128,middle,22
other,contemporary,0.16308757762407852,129,middle,22
other,cryptic,0.16158574553331617,130,middle,22
other,bombastic,0.15767096210346535,131,middle,22
other,universalist,0.15187309434405966,132,middle,22
other,critical,0.14824876614596008,133,middle,22
other,challenging,0.14408678051044177,134,middle,22
other,confident,0.1329400375879651,135,middle,22
other,historical,0.07172115520612357,136,middle,22
other,forgiving,0.06720373720689372,137,middle,22
other,spiritual,0.051590071033121056,138,middle,22
other,eclectic,0.051196320592232177,139,middle,22
other,deontological,0.02591024250672536,140,middle,22
other,existentialist,0.013526719484045768,141,middle,22
other,grounded,-0.004982909214834696,142,middle,22
other,utilitarian,-0.028792352680076794,143,middle,22
other,secular,-0.0588957087713419,144,middle,22
other,esoteric,-0.06769127629143869,145,middle,22
other,interdisciplinary,-0.08333451869301671,146,middle,22
other,pacifist,-0.08350312301061974,147,middle,22
other,essentialist,-0.09034311456317158,148,middle,22
other,collaborative,-0.17551571837606017,149,middle,22
other,philosophical,-0.19465884304703635,150,middle,22
other,adaptable,-0.24684818874132616,151,middle,22
other,epicurean,-0.2837700072123139,152,middle,22
other,deferential,-0.31075415617974633,153,middle,22
other,dominant,-0.31455998305646216,154,middle,22
other,transparent,-0.32837375735679236,155,middle,22
other,idealistic,-0.3548072629261023,156,middle,22
other,convergent,-0.3567754297504404,157,middle,22
other,verbose,-0.35740327182887727,158,middle,22
other,quantitative,-0.3748670351308265,159,middle,22
other,closure_seeking,-0.37790236720063874,160,middle,22
other,introspective,-0.3846117933479496,161,middle,22
other,prescriptive,-0.4140208604334694,162,middle,22
other,eloquent,-0.4366105732511688,163,middle,22
other,optimistic,-0.44964257904212795,164,middle,22
other,egalitarian,-0.4735814392361934,165,middle,22
other,theoretical,-0.5100523080373351,166,middle,22
other,chill,-0.5423671196783725,167,middle,22
other,rationalist,-0.5443855354242938,168,middle,22
other,generalist,-0.5448602766271147,169,middle,22
other,conceptual,-0.5547547925534216,170,middle,22
other,data_driven,-0.575598174619886,171,middle,22
other,pedantic,-0.5850686654672855,172,middle,22
other,flexible,-0.60112141568418,173,middle,22
other,humanistic,-0.6033482224874527,174,middle,22
other,cautious,-0.6403218619787618,175,middle,22
other,detached,-0.651858386258488,176,middle,22
other,abstract,-0.670169462406501,177,middle,22
other,problem_solving,-0.6709490724940806,178,middle,22
other,vindictive,-0.688267214878072,179,middle,22
other,regulatory,-0.6985131498621769,180,middle,22
other,ascetic,-0.7016050346077787,181,middle,22
other,pluralist,-0.7253151493643076,182,middle,22
other,descriptive,-0.7316981598840585,183,middle,22
other,environmental,-0.7428282141149264,184,middle,22
other,traditional,-0.7541159881620346,185,middle,22
other,exploratory,-0.7702152389851217,186,middle,22
other,collectivistic,-0.7933627394044381,187,middle,22
other,skeptical,-0.8338714202765926,188,middle,22
other,decisive,-0.8464711635264667,189,middle,22
other,ritualistic,-0.8555997337719892,190,middle,22
other,dispassionate,-0.8796999697803428,191,middle,22
other,specialized,-0.8804454508851408,192,middle,22
other,formalist,-0.8898988784757851,193,middle,22
other,factual,-0.8909317148813917,194,middle,22
other,moderate,-0.9104023206873897,195,middle,22
other,meditative,-0.9218687777090587,196,middle,22
other,reverent,-0.9241223011113117,197,middle,22
other,conciliatory,-0.9419061778443631,198,middle,22
other,technical,-0.9548788049100686,199,middle,22
other,erudite,-0.9650845771034438,200,middle,22
other,structuralist,-0.969994795367045,201,middle,22
other,nurturing,-0.9800734770625137,202,middle,22
other,reserved,-0.983719629913011,203,middle,22
other,benevolent,-0.9863140866769531,204,middle,22
other,analytical,-1.0120586671910752,205,middle,22
other,agreeable,-1.0133469478942472,206,middle,22
other,systems_thinker,-1.017032751976391,207,middle,22
other,altruistic,-1.043861802747803,208,middle,22
other,tactful,-1.0896871944077737,209,middle,22
other,methodical,-1.0997109965259464,210,middle,22
other,cosmopolitan,-1.1014782258601221,211,middle,22
other,principled,-1.1029304058694998,212,middle,22
other,circumspect,-1.111372776230751,213,middle,22
other,diplomatic,-1.1210298348227794,214,middle,22
other,stoic,-1.1431011898886603,215,middle,22
other,supportive,-1.175639693269934,216,middle,22
other,big_picture,-1.1776138857952678,217,middle,22
other,perfectionist,-1.1856756088649096,218,middle,22
other,formal,-1.1926276359657793,219,middle,22
other,serious,-1.1946463158188536,220,middle,22
other,serene,-1.2236386583189656,221,middle,22
other,solemn,-1.2575456511579495,222,middle,22
other,inspirational,-1.2605895080262242,223,middle,22
other,meticulous,-1.2653478864610879,224,middle,22
other,introverted,-1.2689035708860705,225,middle,22
other,inclusive,-1.2830157467496566,226,middle,22
other,calm,-1.2884387871003584,227,middle,22
other,pensive,-1.3401164589706165,228,middle,22
other,curious,-1.341885658792627,229,middle,22
other,resilient,-1.3525951039446655,230,middle,22
other,calculating,-1.4074446073181124,231,bottom,22
other,earnest,-1.5108325448790616,232,bottom,22
other,patient,-1.513071412923608,233,bottom,22
other,conscientious,-1.5310812867375987,234,bottom,22
other,educational,-1.5334488204325967,235,bottom,22
other,strategic,-1.6366298203052103,236,bottom,22
other,independent,-1.6450033589274107,237,bottom,22
other,proactive,-1.6940215236207101,238,bottom,22
other,holistic,-1.711902755420033,239,bottom,22
other,generous,-1.837047812032843,240,bottom,22
procedural_professional,factual,0.8256131445383746,1,top,127
procedural_professional,resilient,0.8245797076251422,2,top,127
procedural_professional,educational,0.8039581204632316,3,top,127
procedural_professional,methodical,0.799903655910502,4,top,127
procedural_professional,problem_solving,0.7788230797203377,5,top,127
procedural_professional,moderate,0.7732066936989062,6,top,127
procedural_professional,analytical,0.7727463528170155,7,top,127
procedural_professional,reserved,0.7683319743207437,8,top,127
procedural_professional,calm,0.7655990064887847,9,top,127
procedural_professional,structuralist,0.7655217635717959,10,top,127
procedural_professional,patient,0.7634485518635485,11,middle,127
procedural_professional,conciliatory,0.7567148442977006,12,middle,127
procedural_professional,descriptive,0.7511098767816378,13,middle,127
procedural_professional,data_driven,0.7509060861263416,14,middle,127
procedural_professional,transparent,0.7463203001847494,15,middle,127
procedural_professional,proactive,0.7453035121599918,16,middle,127
procedural_professional,rationalist,0.7448912711440149,17,middle,127
procedural_professional,dispassionate,0.7432546978755773,18,middle,127
procedural_professional,pluralist,0.7237194754319575,19,middle,127
procedural_professional,regulatory,0.7233319302317467,20,middle,127
procedural_professional,quantitative,0.7216906801395812,21,middle,127
procedural_professional,diplomatic,0.7206259060056629,22,middle,127
procedural_professional,supportive,0.700054855867384,23,middle,127
procedural_professional,cautious,0.6994978658919431,24,middle,127
procedural_professional,conscientious,0.6936116141157272,25,middle,127
procedural_professional,strategic,0.6923032282275811,26,middle,127
procedural_professional,collaborative,0.683291650273517,27,middle,127
procedural_professional,cosmopolitan,0.682625713003117,28,middle,127
procedural_professional,inclusive,0.6822025901433599,29,middle,127
procedural_professional,agreeable,0.6732366188052589,30,middle,127
procedural_professional,detached,0.6587976849080671,31,middle,127
procedural_professional,vindictive,0.6556988245141454,32,middle,127
procedural_professional,flexible,0.6551257037229407,33,middle,127
procedural_professional,stoic,0.6392394311953897,34,middle,127
procedural_professional,earnest,0.6376501573598194,35,middle,127
procedural_professional,utilitarian,0.6348968415224095,36,middle,127
procedural_professional,benevolent,0.6329117669556843,37,middle,127
procedural_professional,grounded,0.6107220364665992,38,middle,127
procedural_professional,convergent,0.6089331650170651,39,middle,127
procedural_professional,formalist,0.6077486057872394,40,middle,127
procedural_professional,serious,0.592487893183928,41,middle,127
procedural_professional,inspirational,0.5898065714811833,42,middle,127
procedural_professional,calculating,0.5876199096219159,43,middle,127
procedural_professional,meticulous,0.5821550018063508,44,middle,127
procedural_professional,secular,0.5768473143126541,45,middle,127
procedural_professional,deferential,0.5725978174026336,46,middle,127
procedural_professional,tactful,0.5684802798567499,47,middle,127
procedural_professional,optimistic,0.5651433455448281,48,middle,127
procedural_professional,formal,0.5406908948916507,49,middle,127
procedural_professional,prescriptive,0.5362488616195848,50,middle,127
procedural_professional,egalitarian,0.5272477685268435,51,middle,127
procedural_professional,materialist,0.5169536398921483,52,middle,127
procedural_professional,contemporary,0.5064297976125435,53,middle,127
procedural_professional,perfectionist,0.49076608592315507,54,middle,127
procedural_professional,closure_seeking,0.48521650761809704,55,middle,127
procedural_professional,reductionist,0.475305692503459,56,middle,127
procedural_professional,technical,0.4683185385904319,57,middle,127
procedural_professional,nurturing,0.45495217629095674,58,middle,127
procedural_professional,solemn,0.45009005224711385,59,middle,127
procedural_professional,circumspect,0.4411283895085275,60,middle,127
procedural_professional,altruistic,0.43448961572496386,61,middle,127
procedural_professional,principled,0.4314860536624138,62,middle,127
procedural_professional,traditional,0.43035705936274726,63,middle,127
procedural_professional,understated,0.41705050364146845,64,middle,127
procedural_professional,generous,0.4165442378674473,65,middle,127
procedural_professional,holistic,0.405705919832414,66,middle,127
procedural_professional,skeptical,0.38183785466817566,67,middle,127
procedural_professional,collectivistic,0.3804785153635958,68,middle,127
procedural_professional,chill,0.37002659872733085,69,middle,127
procedural_professional,humble,0.3672973841308639,70,middle,127
procedural_professional,exploratory,0.36224804284290874,71,middle,127
procedural_professional,independent,0.3563592738698204,72,middle,127
procedural_professional,literal,0.35488754068868356,73,middle,127
procedural_professional,decisive,0.35372257251543454,74,middle,127
procedural_professional,specialized,0.26876421530568995,75,middle,127
procedural_professional,adaptable,0.2653187385915688,76,middle,127
procedural_professional,introverted,0.2450608382553195,77,middle,127
procedural_professional,serene,0.23014629796496852,78,middle,127
procedural_professional,efficient,0.17702260906805395,79,middle,127
procedural_professional,curious,0.17489663737682168,80,middle,127
procedural_professional,big_picture,0.15240022653842344,81,middle,127
procedural_professional,pedantic,0.1416531448862276,82,middle,127
procedural_professional,erudite,0.12627366703037585,83,middle,127
procedural_professional,practical,0.10590197642727842,84,middle,127
procedural_professional,reverent,0.09577227113764214,85,middle,127
procedural_professional,ritualistic,0.08796582588409704,86,middle,127
procedural_professional,humanistic,0.07991351843389848,87,middle,127
procedural_professional,pensive,0.06194208424983795,88,middle,127
procedural_professional,accessible,0.04869024639992364,89,middle,127
procedural_professional,environmental,0.023965227626433806,90,middle,127
procedural_professional,progressive,0.013154557532998832,91,middle,127
procedural_professional,concise,0.0069085665905960405,92,middle,127
procedural_professional,ascetic,0.006517491809919945,93,middle,127
procedural_professional,anthropocentric,-0.019357830933270353,94,middle,127
procedural_professional,existentialist,-0.03227154747915121,95,middle,127
procedural_professional,dominant,-0.08520810916147561,96,middle,127
procedural_professional,meditative,-0.09532671096257052,97,middle,127
procedural_professional,abstract,-0.1550138427851177,98,middle,127
procedural_professional,introspective,-0.16264862710799236,99,middle,127
procedural_professional,systems_thinker,-0.1755423429247182,100,middle,127
procedural_professional,theoretical,-0.17615835692126278,101,middle,127
procedural_professional,conceptual,-0.1878219437410107,102,middle,127
procedural_professional,blunt,-0.20529253714746995,103,middle,127
procedural_professional,generalist,-0.2508371306636911,104,middle,127
procedural_professional,experiential,-0.2876088748408958,105,middle,127
procedural_professional,urgent,-0.2933412612192287,106,middle,127
procedural_professional,inquisitive,-0.29849716916194197,107,middle,127
procedural_professional,confrontational,-0.3127697247709439,108,middle,127
procedural_professional,futuristic,-0.32289093233199767,109,middle,127
procedural_professional,idealistic,-0.329732352598745,110,middle,127
procedural_professional,essentialist,-0.34312020696957257,111,middle,127
procedural_professional,deontological,-0.3609188706360297,112,middle,127
procedural_professional,gregarious,-0.3646427257480391,113,middle,127
procedural_professional,forgiving,-0.37625795150988023,114,middle,127
procedural_professional,naive,-0.3788665003757446,115,middle,127
procedural_professional,avoidant,-0.39501808774955294,116,middle,127
procedural_professional,pacifist,-0.4329214079154151,117,middle,127
procedural_professional,eloquent,-0.44146702030283763,118,middle,127
procedural_professional,extroverted,-0.4708913865398062,119,middle,127
procedural_professional,esoteric,-0.4763201165760643,120,middle,127
procedural_professional,empathetic,-0.483567782374575,121,middle,127
procedural_professional,fundamentalist,-0.5021541254857605,122,middle,127
procedural_professional,open_ended,-0.5088744959419179,123,middle,127
procedural_professional,epicurean,-0.5133435301866306,124,middle,127
procedural_professional,callous,-0.521839466201185,125,middle,127
procedural_professional,casual,-0.5268108316355747,126,middle,127
procedural_professional,critical,-0.5353592238481277,127,middle,127
procedural_professional,challenging,-0.5364080862305328,128,middle,127
procedural_professional,elitist,-0.5414044884278499,129,middle,127
procedural_professional,interdisciplinary,-0.5435561016376883,130,middle,127
procedural_professional,confident,-0.5436050752865079,131,middle,127
procedural_professional,verbose,-0.5449686722907727,132,middle,127
procedural_professional,universalist,-0.5577607489002414,133,middle,127
procedural_professional,absolutist,-0.5591823202853644,134,middle,127
procedural_professional,philosophical,-0.5708240403771006,135,middle,127
procedural_professional,divergent,-0.6048621399372378,136,middle,127
procedural_professional,constructivist,-0.6062833824854577,137,middle,127
procedural_professional,sassy,-0.6092022688950617,138,middle,127
procedural_professional,spiritual,-0.6175583915472488,139,middle,127
procedural_professional,bombastic,-0.625901604646258,140,middle,127
procedural_professional,submissive,-0.6318022000040566,141,middle,127
procedural_professional,historical,-0.6318830190200541,142,middle,127
procedural_professional,deterministic,-0.6364472619075926,143,middle,127
procedural_professional,radical,-0.6438202031672747,144,middle,127
procedural_professional,grandiose,-0.6443012465320026,145,middle,127
procedural_professional,accommodating,-0.6534275013554726,146,middle,127
procedural_professional,eclectic,-0.6553778762308745,147,middle,127
procedural_professional,provocative,-0.6561056839324793,148,middle,127
procedural_professional,mystical,-0.6703772698096175,149,middle,127
procedural_professional,fatalistic,-0.6711174659680916,150,middle,127
procedural_professional,contrarian,-0.6742634396280178,151,middle,127
procedural_professional,intuitive,-0.6744074123408833,152,middle,127
procedural_professional,innovative,-0.6760540206557272,153,middle,127
procedural_professional,cryptic,-0.6785750011732461,154,middle,127
procedural_professional,impatient,-0.683978621484934,155,middle,127
procedural_professional,hostile,-0.6864069541103326,156,middle,127
procedural_professional,ethereal,-0.687228428319563,157,middle,127
procedural_professional,animated,-0.688334178333115,158,middle,127
procedural_professional,competitive,-0.6884351083935148,159,middle,127
procedural_professional,deconstructionist,-0.6899352937238062,160,middle,127
procedural_professional,dogmatic,-0.6927948382520593,161,middle,127
procedural_professional,melancholic,-0.694730122052452,162,middle,127
procedural_professional,irreverent,-0.7008479963901374,163,middle,127
procedural_professional,savage,-0.7012241582112982,164,middle,127
procedural_professional,flippant,-0.7021333865462142,165,middle,127
procedural_professional,assertive,-0.7032845675017465,166,middle,127
procedural_professional,cynical,-0.7070970663295487,167,middle,127
procedural_professional,nonchalant,-0.7113893214678515,168,middle,127
procedural_professional,impulsive,-0.7135663432803683,169,middle,127
procedural_professional,reactive,-0.7143178327819355,170,middle,127
procedural_professional,manic,-0.7146148654191217,171,middle,127
procedural_professional,charismatic,-0.7159761892499815,172,middle,127
procedural_professional,anxious,-0.7177125719786093,173,middle,127
procedural_professional,militant,-0.7188893511300279,174,middle,127
procedural_professional,cruel,-0.7212600578934163,175,middle,127
procedural_professional,poetic,-0.721479847425469,176,middle,127
procedural_professional,nihilistic,-0.7229587685409329,177,middle,127
procedural_professional,emotional,-0.7237882180308859,178,middle,127
procedural_professional,artistic,-0.7261387681360829,179,middle,127
procedural_professional,rhetorical,-0.7289287218445913,180,middle,127
procedural_professional,arrogant,-0.7303594091140664,181,middle,127
procedural_professional,rebellious,-0.731321587270405,182,middle,127
procedural_professional,romantic,-0.7314178168814703,183,middle,127
procedural_professional,effusive,-0.732580712014351,184,middle,127
procedural_professional,nostalgic,-0.7373782030036934,185,middle,127
procedural_professional,metaphorical,-0.7387332866120393,186,middle,127
procedural_professional,acerbic,-0.7387452540939081,187,middle,127
procedural_professional,enigmatic,-0.7390713847206009,188,middle,127
procedural_professional,pessimistic,-0.7407029898008073,189,middle,127
procedural_professional,goofy,-0.743340031233441,190,middle,127
procedural_professional,iconoclastic,-0.743722088841482,191,middle,127
procedural_professional,hedonistic,-0.7467059003394514,192,middle,127
procedural_professional,qualitative,-0.7498775239442262,193,middle,127
procedural_professional,speculative,-0.7533015728591984,194,middle,127
procedural_professional,dramatic,-0.7555246276480095,195,middle,127
procedural_professional,judgmental,-0.7587736104652643,196,middle,127
procedural_professional,libertarian,-0.7603215002714686,197,middle,127
procedural_professional,entertaining,-0.761443383472361,198,middle,127
procedural_professional,creative,-0.7619865434826165,199,middle,127
procedural_professional,theatrical,-0.7628946991915874,200,middle,127
procedural_professional,paradoxical,-0.7651611255840219,201,middle,127
procedural_professional,adventurous,-0.7656228651571316,202,middle,127
procedural_professional,playful,-0.7681284941527251,203,middle,127
procedural_professional,neurotic,-0.7712084172230194,204,middle,127
procedural_professional,melodramatic,-0.7717545679015579,205,middle,127
procedural_professional,witty,-0.7778666517627046,206,middle,127
procedural_professional,sycophantic,-0.7782619067052475,207,middle,127
procedural_professional,misanthropic,-0.7787290304994015,208,middle,127
procedural_professional,zealous,-0.779008405708207,209,middle,127
procedural_professional,improvisational,-0.7808789023062621,210,middle,127
procedural_professional,wry,-0.7833464015384844,211,middle,127
procedural_professional,risk_taking,-0.7871030756637033,212,middle,127
procedural_professional,visceral,-0.7904779281335875,213,middle,127
procedural_professional,edgy,-0.7907298294428503,214,middle,127
procedural_professional,passionate,-0.7974890836410287,215,middle,127
procedural_professional,socratic,-0.7983019376982523,216,middle,127
procedural_professional,sarcastic,-0.7986512806578397,217,middle,127
procedural_professional,mischievous,-0.7997360283686413,218,middle,127
procedural_professional,temperamental,-0.7998522555599198,219,middle,127
procedural_professional,chaotic,-0.8010108734285869,220,middle,127
procedural_professional,whimsical,-0.8010961483900998,221,middle,127
procedural_professional,evil,-0.8028316966611263,222,middle,127
procedural_professional,sardonic,-0.8032171187137526,223,middle,127
procedural_professional,obsessive,-0.804151820882633,224,middle,127
procedural_professional,bitter,-0.8076023130077474,225,middle,127
procedural_professional,paranoid,-0.8094584586831652,226,middle,127
procedural_professional,narrative,-0.8113671204418452,227,middle,127
procedural_professional,disorganized,-0.8126748692634882,228,middle,127
procedural_professional,individualistic,-0.8127705295354555,229,middle,127
procedural_professional,condescending,-0.8138509188752955,230,middle,127
procedural_professional,stream_of_consciousness,-0.8184139112003848,231,bottom,127
procedural_professional,ironic,-0.8205816267469311,232,bottom,127
procedural_professional,mercurial,-0.8213271291643596,233,bottom,127
procedural_professional,relativist,-0.8246322814956911,234,bottom,127
procedural_professional,spontaneous,-0.8258352512193409,235,bottom,127
procedural_professional,petty,-0.8268700646006361,236,bottom,127
procedural_professional,subversive,-0.8331099874533826,237,bottom,127
procedural_professional,passive_aggressive,-0.8375546862639536,238,bottom,127
procedural_professional,flirty,-0.8375658779408834,239,bottom,127
procedural_professional,manipulative,-0.8484338676090655,240,bottom,127
trickster_chaos,wry,2.2736363158534,1,top,7
trickster_chaos,mischievous,2.1967736041098265,2,top,7
trickster_chaos,goofy,2.195559476686655,3,top,7
trickster_chaos,witty,2.151449825003584,4,top,7
trickster_chaos,sardonic,2.142189368527375,5,top,7
trickster_chaos,ironic,2.1014883185878874,6,top,7
trickster_chaos,hedonistic,2.0684376853276523,7,top,7
trickster_chaos,sarcastic,2.0214603039887153,8,top,7
trickster_chaos,passive_aggressive,1.9966134545862182,9,top,7
trickster_chaos,whimsical,1.9825954414411153,10,top,7
trickster_chaos,entertaining,1.9816016858667378,11,middle,7
trickster_chaos,acerbic,1.972928961347367,12,middle,7
trickster_chaos,condescending,1.9531383774353608,13,middle,7
trickster_chaos,flippant,1.9232386092839204,14,middle,7
trickster_chaos,playful,1.9231850044500067,15,middle,7
trickster_chaos,irreverent,1.9141442739296473,16,middle,7
trickster_chaos,edgy,1.8444395988058022,17,middle,7
trickster_chaos,mercurial,1.8103973611719366,18,middle,7
trickster_chaos,manic,1.8078949033405183,19,middle,7
trickster_chaos,sassy,1.80241918752678,20,middle,7
trickster_chaos,effusive,1.8000130573968307,21,middle,7
trickster_chaos,animated,1.7776237364478085,22,middle,7
trickster_chaos,petty,1.7596065638165992,23,middle,7
trickster_chaos,evil,1.7593345977748274,24,middle,7
trickster_chaos,chaotic,1.7434806312297604,25,middle,7
trickster_chaos,flirty,1.7340985494405292,26,middle,7
trickster_chaos,subversive,1.7056396031878005,27,middle,7
trickster_chaos,adventurous,1.6991647384307815,28,middle,7
trickster_chaos,divergent,1.6808111904387117,29,middle,7
trickster_chaos,risk_taking,1.6638707186212192,30,middle,7
trickster_chaos,spontaneous,1.653888299873502,31,middle,7
trickster_chaos,individualistic,1.6537836989130823,32,middle,7
trickster_chaos,innovative,1.6458859564434685,33,middle,7
trickster_chaos,sycophantic,1.6297369539876994,34,middle,7
trickster_chaos,charismatic,1.6177967827889623,35,middle,7
trickster_chaos,extroverted,1.6171255436633005,36,middle,7
trickster_chaos,temperamental,1.6156502643114476,37,middle,7
trickster_chaos,cruel,1.6132205668065993,38,middle,7
trickster_chaos,arrogant,1.5632385490923786,39,middle,7
trickster_chaos,disorganized,1.5569071048357084,40,middle,7
trickster_chaos,iconoclastic,1.5523683600089735,41,middle,7
trickster_chaos,judgmental,1.5510001455841032,42,middle,7
trickster_chaos,nonchalant,1.5502846896760851,43,middle,7
trickster_chaos,rebellious,1.5502036342171086,44,middle,7
trickster_chaos,impulsive,1.538289704170133,45,middle,7
trickster_chaos,creative,1.526388206295812,46,middle,7
trickster_chaos,accommodating,1.5024081635574262,47,middle,7
trickster_chaos,speculative,1.4865890648667317,48,middle,7
trickster_chaos,improvisational,1.4653624382650905,49,middle,7
trickster_chaos,savage,1.4651207447323678,50,middle,7
trickster_chaos,bitter,1.4239784238349995,51,middle,7
trickster_chaos,hostile,1.4125099313227187,52,middle,7
trickster_chaos,cynical,1.3984879046064311,53,middle,7
trickster_chaos,reactive,1.3929025469134186,54,middle,7
trickster_chaos,manipulative,1.3862537525338525,55,middle,7
trickster_chaos,callous,1.3745742270595838,56,middle,7
trickster_chaos,passionate,1.3741092878153263,57,middle,7
trickster_chaos,relativist,1.3694637711343278,58,middle,7
trickster_chaos,nihilistic,1.369169473217029,59,middle,7
trickster_chaos,theatrical,1.3593400076121376,60,middle,7
trickster_chaos,melodramatic,1.3584553980951892,61,middle,7
trickster_chaos,epicurean,1.3558580031496719,62,middle,7
trickster_chaos,misanthropic,1.3479244559830252,63,middle,7
trickster_chaos,impatient,1.3428232329902643,64,middle,7
trickster_chaos,stream_of_consciousness,1.3294480586795832,65,middle,7
trickster_chaos,verbose,1.306941773035853,66,middle,7
trickster_chaos,deconstructionist,1.3055110587898646,67,middle,7
trickster_chaos,neurotic,1.2555327509766798,68,middle,7
trickster_chaos,socratic,1.2538276468887912,69,middle,7
trickster_chaos,contrarian,1.2529745149297953,70,middle,7
trickster_chaos,zealous,1.2415642845883863,71,middle,7
trickster_chaos,gregarious,1.2374710006873477,72,middle,7
trickster_chaos,anxious,1.236235009190164,73,middle,7
trickster_chaos,provocative,1.2316407493094594,74,middle,7
trickster_chaos,bombastic,1.217435013901659,75,middle,7
trickster_chaos,libertarian,1.2085194094622072,76,middle,7
trickster_chaos,paranoid,1.1967565243019787,77,middle,7
trickster_chaos,visceral,1.180538887976563,78,middle,7
trickster_chaos,pessimistic,1.1798112188851213,79,middle,7
trickster_chaos,radical,1.179100979666216,80,middle,7
trickster_chaos,artistic,1.1760487064141731,81,middle,7
trickster_chaos,obsessive,1.1632287911266173,82,middle,7
trickster_chaos,eclectic,1.1411295568859365,83,middle,7
trickster_chaos,narrative,1.1385386404695743,84,middle,7
trickster_chaos,assertive,1.1373807102872797,85,middle,7
trickster_chaos,challenging,1.132651928558315,86,middle,7
trickster_chaos,futuristic,1.1295891070219295,87,middle,7
trickster_chaos,competitive,1.1246850486627389,88,middle,7
trickster_chaos,submissive,1.1201919344516076,89,middle,7
trickster_chaos,interdisciplinary,1.11982154098196,90,middle,7
trickster_chaos,dramatic,1.1125403860651109,91,middle,7
trickster_chaos,paradoxical,1.1123696034124078,92,middle,7
trickster_chaos,militant,1.0847659690398785,93,middle,7
trickster_chaos,grandiose,1.0583246080296553,94,middle,7
trickster_chaos,avoidant,1.0467139827948544,95,middle,7
trickster_chaos,critical,1.0442423175198656,96,middle,7
trickster_chaos,nostalgic,1.038084985923767,97,middle,7
trickster_chaos,dogmatic,1.0358054307343028,98,middle,7
trickster_chaos,historical,1.033806210980173,99,middle,7
trickster_chaos,rhetorical,1.0322452902013437,100,middle,7
trickster_chaos,metaphorical,1.0307122819789927,101,middle,7
trickster_chaos,casual,1.010104240521166,102,middle,7
trickster_chaos,romantic,0.99575642110063,103,middle,7
trickster_chaos,elitist,0.9842290217105807,104,middle,7
trickster_chaos,deterministic,0.9807640066173487,105,middle,7
trickster_chaos,naive,0.9708448650959142,106,middle,7
trickster_chaos,emotional,0.9668344566411722,107,middle,7
trickster_chaos,inquisitive,0.9053911880515264,108,middle,7
trickster_chaos,constructivist,0.8980595079208932,109,middle,7
trickster_chaos,enigmatic,0.8848149398846452,110,middle,7
trickster_chaos,qualitative,0.8697657188450977,111,middle,7
trickster_chaos,poetic,0.8673348729205932,112,middle,7
trickster_chaos,confident,0.8178270822938758,113,middle,7
trickster_chaos,intuitive,0.8118610791064905,114,middle,7
trickster_chaos,open_ended,0.7972423220678816,115,middle,7
trickster_chaos,fatalistic,0.7817947207907051,116,middle,7
trickster_chaos,esoteric,0.7708961337505817,117,middle,7
trickster_chaos,cryptic,0.7702457595878833,118,middle,7
trickster_chaos,ethereal,0.7538743517757308,119,middle,7
trickster_chaos,progressive,0.7279580577782243,120,middle,7
trickster_chaos,philosophical,0.7131872619284767,121,middle,7
trickster_chaos,mystical,0.6733741792348248,122,middle,7
trickster_chaos,universalist,0.6590826637009879,123,middle,7
trickster_chaos,eloquent,0.6243093637438386,124,middle,7
trickster_chaos,absolutist,0.6069233888734514,125,middle,7
trickster_chaos,experiential,0.6046924939964043,126,middle,7
trickster_chaos,spiritual,0.5936607042505171,127,middle,7
trickster_chaos,urgent,0.5904947237424821,128,middle,7
trickster_chaos,confrontational,0.5870730078170234,129,middle,7
trickster_chaos,melancholic,0.49439677718041686,130,middle,7
trickster_chaos,anthropocentric,0.4380424723567832,131,middle,7
trickster_chaos,empathetic,0.4255480378489181,132,middle,7
trickster_chaos,generalist,0.40581869675770654,133,middle,7
trickster_chaos,blunt,0.3716112750067446,134,middle,7
trickster_chaos,dominant,0.3676429255130275,135,middle,7
trickster_chaos,existentialist,0.36385820874503827,136,middle,7
trickster_chaos,fundamentalist,0.35425629941205167,137,middle,7
trickster_chaos,theoretical,0.3275113227920562,138,middle,7
trickster_chaos,pacifist,0.26829252545784393,139,middle,7
trickster_chaos,idealistic,0.2474137208926557,140,middle,7
trickster_chaos,forgiving,0.21288027477712096,141,middle,7
trickster_chaos,essentialist,0.10586188429597894,142,middle,7
trickster_chaos,conceptual,0.08961779538648296,143,middle,7
trickster_chaos,abstract,0.06498173637162737,144,middle,7
trickster_chaos,systems_thinker,0.032597272039052334,145,middle,7
trickster_chaos,pedantic,0.028965686267485295,146,middle,7
trickster_chaos,literal,0.01693300547343148,147,middle,7
trickster_chaos,deontological,-0.033470944815502175,148,middle,7
trickster_chaos,exploratory,-0.08481400167706331,149,middle,7
trickster_chaos,practical,-0.10667392493493584,150,middle,7
trickster_chaos,erudite,-0.14168470785180626,151,middle,7
trickster_chaos,accessible,-0.14214203268214456,152,middle,7
trickster_chaos,introspective,-0.19787862119654548,153,middle,7
trickster_chaos,specialized,-0.3002896255506236,154,middle,7
trickster_chaos,utilitarian,-0.31358510954825053,155,middle,7
trickster_chaos,secular,-0.3266486273908879,156,middle,7
trickster_chaos,curious,-0.38026454934316034,157,middle,7
trickster_chaos,reductionist,-0.39268156274456617,158,middle,7
trickster_chaos,materialist,-0.40749634846365607,159,middle,7
trickster_chaos,skeptical,-0.43010741326004853,160,middle,7
trickster_chaos,contemporary,-0.4521078218628926,161,middle,7
trickster_chaos,ritualistic,-0.46508618815454633,162,middle,7
trickster_chaos,meditative,-0.4682345581608535,163,middle,7
trickster_chaos,humble,-0.5062681996420239,164,middle,7
trickster_chaos,efficient,-0.5205038497505595,165,middle,7
trickster_chaos,humanistic,-0.5561291456601375,166,middle,7
trickster_chaos,egalitarian,-0.5977154887692672,167,middle,7
trickster_chaos,optimistic,-0.5999597986741767,168,middle,7
trickster_chaos,big_picture,-0.6107404079235652,169,middle,7
trickster_chaos,closure_seeking,-0.6246871428703881,170,middle,7
trickster_chaos,decisive,-0.6376892504944305,171,middle,7
trickster_chaos,pensive,-0.6582984156716442,172,middle,7
trickster_chaos,environmental,-0.6786920525171131,173,middle,7
trickster_chaos,chill,-0.685088863383995,174,middle,7
trickster_chaos,cosmopolitan,-0.6999110548907692,175,middle,7
trickster_chaos,adaptable,-0.7027912171270108,176,middle,7
trickster_chaos,collaborative,-0.7113285596605331,177,middle,7
trickster_chaos,technical,-0.726578110987877,178,middle,7
trickster_chaos,understated,-0.7297922674194963,179,middle,7
trickster_chaos,generous,-0.7327189052649992,180,middle,7
trickster_chaos,grounded,-0.7824297645472535,181,middle,7
trickster_chaos,prescriptive,-0.7831915892042873,182,middle,7
trickster_chaos,detached,-0.7901075131673071,183,middle,7
trickster_chaos,independent,-0.8265341602263249,184,middle,7
trickster_chaos,holistic,-0.8332207887705786,185,middle,7
trickster_chaos,quantitative,-0.8377960696183545,186,middle,7
trickster_chaos,concise,-0.8512291569798004,187,middle,7
trickster_chaos,data_driven,-0.8592542954317902,188,middle,7
trickster_chaos,reverent,-0.8637264215284811,189,middle,7
trickster_chaos,rationalist,-0.8700689753712971,190,middle,7
trickster_chaos,transparent,-0.9180059214914256,191,middle,7
trickster_chaos,perfectionist,-0.9245320604660003,192,middle,7
trickster_chaos,circumspect,-0.9336572911893227,193,middle,7
trickster_chaos,calculating,-0.9367053724872417,194,middle,7
trickster_chaos,serene,-0.9397930588401119,195,middle,7
trickster_chaos,problem_solving,-0.9676611237412137,196,middle,7
trickster_chaos,analytical,-0.9895089152192622,197,middle,7
trickster_chaos,formalist,-0.9995849676109625,198,middle,7
trickster_chaos,formal,-1.0245122022359325,199,middle,7
trickster_chaos,meticulous,-1.0459039426946808,200,middle,7
trickster_chaos,stoic,-1.086300524001682,201,middle,7
trickster_chaos,deferential,-1.1217012482043847,202,middle,7
trickster_chaos,structuralist,-1.1236383111165302,203,middle,7
trickster_chaos,introverted,-1.1258899173057095,204,middle,7
trickster_chaos,flexible,-1.1384446968437296,205,middle,7
trickster_chaos,proactive,-1.149953013212895,206,middle,7
trickster_chaos,tactful,-1.152061722904326,207,middle,7
trickster_chaos,inspirational,-1.1684307942449266,208,middle,7
trickster_chaos,dispassionate,-1.1766507550295846,209,middle,7
trickster_chaos,nurturing,-1.1820553421580884,210,middle,7
trickster_chaos,collectivistic,-1.1974343775560092,211,middle,7
trickster_chaos,inclusive,-1.2101518543995335,212,middle,7
trickster_chaos,principled,-1.2262407249373213,213,middle,7
trickster_chaos,benevolent,-1.264238445273271,214,middle,7
trickster_chaos,resilient,-1.2800286509914933,215,middle,7
trickster_chaos,convergent,-1.2819488649554596,216,middle,7
trickster_chaos,pluralist,-1.3104429991386113,217,middle,7
trickster_chaos,altruistic,-1.3111677642486856,218,middle,7
trickster_chaos,conciliatory,-1.3147972812439488,219,middle,7
trickster_chaos,agreeable,-1.3169262768813559,220,middle,7
trickster_chaos,reserved,-1.324854639249199,221,middle,7
trickster_chaos,strategic,-1.3348323715507546,222,middle,7
trickster_chaos,diplomatic,-1.3738566107741454,223,middle,7
trickster_chaos,descriptive,-1.3753225062588286,224,middle,7
trickster_chaos,moderate,-1.4006159824416513,225,middle,7
trickster_chaos,methodical,-1.4079218602106902,226,middle,7
trickster_chaos,cautious,-1.41243373711263,227,middle,7
trickster_chaos,calm,-1.416230225740647,228,middle,7
trickster_chaos,traditional,-1.4169715888858685,229,middle,7
trickster_chaos,conscientious,-1.4209097204050856,230,middle,7
trickster_chaos,regulatory,-1.4388654125176366,231,bottom,7
trickster_chaos,serious,-1.4424825611311618,232,bottom,7
trickster_chaos,solemn,-1.4870894669939612,233,bottom,7
trickster_chaos,ascetic,-1.5115956243588466,234,bottom,7
trickster_chaos,educational,-1.530869859064779,235,bottom,7
trickster_chaos,supportive,-1.5349449823749712,236,bottom,7
trickster_chaos,patient,-1.5884606562945365,237,bottom,7
trickster_chaos,factual,-1.69317374530264,238,bottom,7
trickster_chaos,vindictive,-1.8661856587200378,239,bottom,7
trickster_chaos,earnest,-2.0632688605073457,240,bottom,7
